date,0,1,2,3,4,5,6,7,8,9,10,11,12,13,14,15,16,17,18,19,20,21,22,23,24,25,26,27,28,29,30,31,32,33,34,35,36,37,38,39,40,41,42,43,44,45,46,47,48,49,50,51,52,53,54,55,56,57,58,59,60,61,62,63,64,65,66,67,68,69,70,71,72,73,74,75,76,77,78,79,80,81,82,83,84,85,86,87,88,89,90,91,92,93,94,95,96,97,98,99,100,101,102,103,104,105,106,107,108,109,110,111,112,113,114,115,116,117,118,119,120,121,122,123,124,125,126,127,128,129,130,131,132,133,134,135,136,137,138,139,140,141,142,143,144,145,146,147,148,149,150,151,152,153,154,155,156,157,158,159,160,161,162,163,164,165,166,167,168,169,170,171,172,173,174,175,176,177,178,179,180,181,182,183,184,185,186,187,188,189,190,191,192,193,194,195,196,197,198,199,200,201,202,203,204,205,206,207,208,209,210,211,212,213,214,215,216,217,218,219,220,221,222,223,224,225,226,227,228,229,230,231,232,233,234,235,236,237,238,239,240,241,242,243,244,245,246,247,248,249,250,251,252,253,254,255,256,257,258,259,260,261,262,263,264,265,266,267,268,269,270,271,272,273,274,275,276,277,278,279,280,281,282,283,284,285,286,287,288
2019-07-16,11.44,5.99,6.21,5.25,7.44,23.43,13.34,35.15,13.33,5.96,23.88,27.16,66.05,41.3,30.45,965.0,40.66,17.15,10.62,13.97,32.51,20.0,18.8,9.11,12.57,18.14,9.77,18.05,8.8,3.57,86.9,9.18,5.78,53.88,6.43,5.57,37.78,29.94,5.9,20.78,7.87,11.0,3.79,6.61,86.05,7.16,3.68,6.06,64.33,3.85,16.96,78.9,1.6,6.26,7.5,6.44,4.29,3.63,41.67,13.9,13.49,6.09,29.3,6.92,9.63,11.58,6.02,23.7,8.76,3.87,9.07,10.3,3.0,2.21,11.72,22.66,4.17,10.58,40.73,11.71,15.26,14.93,5.03,15.34,12.62,8.41,18.28,4.04,106.23,13.33,24.13,16.01,9.38,26.8,11.58,8.92,17.06,40.44,31.85,67.7,5.35,26.58,7.01,10.21,22.31,14.61,9.19,5.09,5.58,5.33,8.18,22.22,30.02,2.49,68.51,4.9,15.26,8.2,,18.03,6.8,8.18,10.23,14.54,12.2,16.89,7.82,8.46,22.65,4.18,43.54,11.56,5.85,27.72,9.95,5.6,11.88,3.29,8.7,11.01,8.26,20.61,6.66,10.26,9.13,3.81,17.2,3.07,8.45,5.07,5.26,11.48,9.89,11.2,8.67,23.3,9.09,11.5,4.66,3.52,7.06,4.91,9.88,5.56,3.62,8.71,5.92,35.3,33.22,144.0,31.1,99.38,21.25,107.4,26.25,97.6,13.71,29.85,32.67,7.34,3.34,5.9,4.93,53.11,12.13,7.83,5.0,3.96,33.0,4.68,80.06,10.2,84.19,119.27,7.01,6.2,3.31,2.35,54.64,6.38,323.26,6.6,12.94,2.81,3.78,9.3,16.14,14.01,7.71,18.31,123.19,19.75,24.4,3.59,27.65,8.02,27.48,20.77,20.25,30.77,31.58,7.52,10.67,5.15,69.6,10.41,10.8,6.76,10.31,31.25,22.25,9.1,33.28,34.21,12.48,33.34,14.08,9.91,7.21,22.03,22.5,126.26,5.68,27.33,33.5,33.3,26.75,29.1,8.11,22.5,25.65,26.03,19.88,11.5,26.01,13.3,17.81,54.6,13.81,10.75,24.19,9.22,9.92,68.0,13.5,17.21,31.0,38.06,31.13,15.18,25.11,30.3,10.55,15.5,92.51,13.76,6.73,7.68,44.8,22.88,23.26,26.13,24.4,7.42,7.05,19.73,38.21,6.58,39.65
2019-07-15,11.22,5.93,6.13,5.18,7.27,22.93,13.0,34.5,13.15,5.84,23.04,26.62,65.55,41.0,29.55,951.13,40.1,16.87,10.73,13.65,32.95,19.28,18.58,8.95,12.08,17.91,9.54,17.65,8.74,3.56,86.62,9.0,5.71,53.8,6.36,5.54,37.46,29.99,5.75,20.34,7.73,10.74,3.76,6.57,86.6,7.09,3.67,5.9,61.83,3.79,16.92,80.5,1.58,6.17,7.43,6.3,4.2,3.53,40.75,13.43,13.38,6.03,29.02,6.83,9.36,11.32,5.91,23.18,8.62,3.77,8.98,10.12,2.95,2.19,11.51,22.12,4.05,10.38,40.63,11.65,14.96,14.6,4.86,15.0,12.44,8.36,18.23,3.97,106.0,13.3,23.7,15.76,9.28,26.2,11.26,8.87,17.08,40.01,31.41,64.52,5.27,25.01,6.81,9.96,22.15,14.33,9.12,5.07,5.44,5.23,8.0,21.74,29.4,2.46,68.28,4.7,14.9,8.24,,17.9,6.72,7.94,10.01,14.56,12.01,16.33,7.77,8.34,22.07,4.12,43.6,11.28,5.72,27.11,9.61,5.53,11.35,3.21,8.7,10.81,8.6,20.08,6.46,10.06,9.05,3.75,17.42,3.01,8.51,4.96,5.16,11.2,9.76,11.01,8.51,23.03,8.92,11.08,4.67,3.48,6.89,4.71,9.82,5.46,3.56,8.65,5.85,34.45,33.22,137.0,30.73,99.42,20.76,106.51,25.65,88.36,13.84,29.2,31.73,7.2,3.29,5.64,4.81,53.68,11.74,7.73,4.89,3.85,35.42,4.57,79.88,10.09,86.0,118.5,6.59,6.13,3.26,2.31,54.6,6.19,328.81,6.31,12.81,2.78,3.71,9.26,15.75,13.81,7.45,18.26,121.5,19.11,24.3,3.55,26.75,7.79,27.81,20.64,19.46,31.1,32.45,7.34,10.42,5.1,71.6,10.42,10.37,6.6,10.26,30.5,22.27,8.93,32.51,34.04,12.66,31.99,13.9,9.08,7.18,21.91,22.6,126.8,5.49,26.7,32.81,32.62,26.04,28.3,7.9,22.22,25.32,25.69,19.05,11.03,25.88,13.35,17.65,53.62,13.68,10.4,23.32,8.88,9.69,64.8,13.34,17.08,30.51,37.05,29.74,14.83,25.25,29.98,10.11,14.94,87.07,13.1,6.64,7.34,43.8,22.34,22.3,26.71,24.15,7.12,6.91,19.1,38.36,6.31,38.02
2019-07-12,11.39,5.99,6.31,5.2,7.38,22.9,12.78,35.02,13.43,5.89,23.65,26.97,66.1,41.52,30.2,980.01,41.0,17.23,10.92,13.6,33.67,19.4,18.94,9.09,12.58,17.81,9.6,17.85,8.77,3.58,88.15,9.0,5.75,53.13,6.38,5.56,36.28,29.16,5.78,20.21,7.85,10.83,3.76,6.64,86.0,7.05,3.7,5.84,63.5,3.84,17.15,80.44,1.6,6.19,7.48,6.32,4.2,3.61,40.71,13.25,13.41,6.04,29.8,6.89,9.36,11.25,6.01,22.85,8.72,3.76,9.1,10.12,2.98,2.2,11.75,22.08,4.14,10.36,39.88,11.68,15.03,14.68,4.84,14.98,12.6,8.45,18.48,3.97,110.12,13.01,23.88,15.96,9.36,26.45,11.43,8.9,16.85,39.93,31.75,64.6,5.3,25.01,6.68,9.98,22.7,14.37,9.2,5.05,5.4,5.24,8.21,22.12,29.3,2.48,69.51,4.72,15.1,8.25,,18.12,6.81,7.96,10.0,15.01,12.3,16.62,7.83,8.28,21.1,4.13,43.38,11.49,5.8,26.1,9.71,5.58,11.44,3.16,8.75,11.2,8.57,20.27,6.46,10.04,9.03,3.77,17.45,3.0,8.61,5.0,5.24,11.25,9.82,11.12,8.39,23.23,8.86,11.03,4.68,3.49,6.87,4.72,9.88,5.47,3.53,8.67,5.86,34.21,33.97,136.66,32.28,101.66,20.99,107.28,26.08,91.8,13.58,29.11,31.78,7.23,3.25,5.45,4.81,54.18,11.76,7.83,4.94,3.86,39.19,4.41,81.03,10.23,85.49,121.6,6.6,6.19,3.27,2.31,55.58,6.43,329.0,6.71,13.26,2.81,3.63,9.29,15.6,13.8,7.43,18.38,122.9,19.01,24.44,3.62,26.91,8.42,27.77,20.47,19.4,31.08,35.31,7.41,10.41,5.15,72.86,10.2,10.62,6.61,10.29,31.2,21.96,8.99,32.7,34.3,12.52,32.51,14.27,9.26,6.79,22.29,21.86,128.22,5.96,26.31,33.26,32.55,26.68,27.63,8.06,23.59,26.05,26.4,19.2,11.5,27.14,13.41,17.91,53.2,13.86,10.32,23.52,9.06,9.63,63.85,13.22,17.95,30.58,37.68,29.89,14.74,24.99,30.14,10.28,14.95,89.6,12.88,7.35,7.35,43.7,22.8,24.34,27.0,24.14,7.15,7.11,19.09,37.52,6.61,38.0
2019-07-11,11.34,5.98,6.3,5.2,7.4,22.99,12.59,35.31,13.39,5.92,25.38,26.81,66.4,41.53,31.65,976.0,41.0,17.21,11.03,13.65,33.29,19.23,19.0,9.07,12.71,17.74,9.57,17.86,8.76,3.58,87.69,8.98,5.74,52.7,6.4,5.55,35.59,28.51,5.78,20.52,7.85,10.82,3.76,6.66,85.33,7.0,3.7,5.93,63.2,3.84,17.11,80.06,1.61,6.15,7.47,6.27,4.18,3.61,40.56,13.23,13.41,6.02,29.65,6.88,9.36,11.24,6.03,22.89,8.73,3.77,9.1,10.08,3.01,2.2,11.8,22.12,4.12,10.31,40.0,11.68,14.93,14.71,4.86,15.16,12.52,8.45,18.5,3.99,110.21,12.47,24.17,16.17,9.53,26.69,11.48,8.91,16.63,40.35,31.65,65.0,5.34,25.11,6.52,9.99,22.64,14.1,9.22,5.03,5.4,5.25,8.26,22.13,29.12,2.48,68.93,4.74,15.18,8.16,,18.02,7.18,7.96,9.97,14.95,12.31,16.54,7.87,8.26,20.58,4.14,45.62,11.49,5.8,27.01,9.7,5.58,11.48,3.15,8.77,11.25,8.57,20.32,6.47,10.05,9.01,3.77,17.41,3.0,8.76,4.99,5.23,11.26,9.57,11.14,8.31,23.15,8.88,11.13,4.68,3.55,6.86,4.71,9.85,5.45,3.54,8.67,5.85,34.26,33.98,140.18,32.7,101.82,20.96,108.91,25.92,91.77,13.53,29.18,32.04,7.21,3.25,5.45,4.81,53.92,11.72,7.79,4.93,3.85,39.15,4.4,80.46,10.18,84.5,121.18,6.61,6.21,3.26,2.31,55.75,6.47,328.03,6.69,13.42,2.81,3.61,9.19,15.55,13.76,7.41,17.98,122.83,19.13,,3.62,26.92,8.58,26.86,20.5,20.38,31.16,35.3,7.38,10.3,5.16,72.52,9.52,10.72,6.6,10.31,31.05,21.95,9.4,33.06,34.51,12.53,32.58,14.25,9.26,6.84,22.22,22.01,127.68,6.05,27.81,33.36,32.8,26.92,27.82,8.04,23.43,25.98,26.33,19.33,11.6,27.1,13.71,17.87,52.89,13.82,10.18,23.7,9.19,9.62,63.82,13.15,18.0,31.2,38.1,29.92,14.73,24.89,30.29,10.26,15.08,89.61,12.88,7.4,7.39,43.7,22.92,24.66,26.93,23.51,7.26,7.08,19.21,36.51,6.67,37.8
2019-07-10,11.31,5.96,6.33,5.19,7.37,23.04,12.41,34.98,13.37,5.9,25.58,26.31,66.6,41.15,31.5,977.0,40.51,17.18,11.08,13.62,32.9,21.17,18.97,9.12,12.65,17.64,9.6,17.73,8.78,3.57,87.52,8.91,5.73,52.07,6.4,5.54,35.03,28.26,5.74,21.04,7.86,10.82,3.77,6.64,85.1,6.97,3.69,6.0,64.15,3.85,16.95,80.1,1.61,6.22,7.64,6.32,4.07,3.61,40.62,13.13,13.4,6.03,29.82,6.9,9.38,11.33,5.99,22.81,8.9,3.77,9.04,10.15,2.99,2.2,11.83,22.27,4.14,10.39,40.81,11.67,14.96,14.5,4.86,15.1,12.38,8.48,18.48,3.99,111.2,13.24,24.01,16.23,9.21,26.63,11.51,8.93,16.49,38.5,31.43,65.43,5.26,25.07,6.52,9.96,22.65,14.52,9.26,5.0,5.44,5.24,8.34,21.95,29.06,2.48,68.8,4.69,15.01,8.16,,17.76,7.16,7.95,9.98,15.06,11.9,16.58,7.86,8.28,21.64,4.16,46.11,11.36,5.8,27.33,9.84,5.87,11.51,3.14,9.06,11.33,8.67,20.38,6.46,9.92,9.01,3.75,17.4,2.99,9.02,5.03,5.25,11.25,9.36,11.27,8.47,23.7,8.9,11.24,4.68,3.57,6.87,4.73,9.78,5.48,3.53,8.65,5.85,34.61,34.66,138.51,47.4,101.7,20.93,108.4,25.78,89.77,13.49,28.91,31.78,7.17,3.22,5.42,4.78,53.48,11.84,7.78,4.93,3.83,39.16,4.42,81.45,10.23,82.94,120.5,6.78,6.14,3.25,2.3,55.76,6.5,328.46,6.78,13.25,2.81,3.52,9.0,15.55,13.64,7.45,17.86,125.4,18.66,24.53,3.65,26.86,8.65,26.04,21.63,20.23,30.88,35.4,7.29,10.93,5.16,72.15,9.83,10.63,6.68,10.33,30.88,21.95,9.45,33.2,34.24,12.03,32.85,14.22,9.18,6.88,22.41,21.89,127.9,5.96,28.38,33.33,32.46,26.74,27.68,7.98,23.32,26.01,26.9,19.79,11.68,27.13,13.59,17.97,53.51,13.9,10.42,23.95,9.36,9.78,63.8,12.95,18.1,30.9,38.11,29.6,15.06,24.3,30.37,10.21,15.07,89.37,12.86,7.37,7.43,43.88,22.84,24.52,26.51,23.01,7.26,6.9,19.19,36.5,6.76,37.78
2019-07-09,11.33,5.96,6.4,5.25,7.46,22.92,12.56,35.2,13.42,5.88,26.1,26.0,66.27,41.12,31.71,968.35,41.63,17.3,10.88,13.5,32.85,21.03,18.96,9.15,12.55,17.77,9.66,17.53,8.81,3.58,86.99,8.88,5.76,51.9,6.43,5.56,34.72,28.18,5.8,20.95,7.9,10.86,3.76,6.7,84.57,7.39,3.7,6.03,64.0,3.86,16.49,79.52,1.61,6.21,7.66,6.37,4.04,3.67,40.8,13.11,13.44,6.04,30.04,6.9,9.26,11.46,6.03,22.81,8.9,3.75,9.05,10.2,3.04,2.2,11.88,22.39,4.2,10.64,40.65,11.73,15.13,14.64,4.8,15.05,12.4,8.52,18.12,4.0,111.3,13.13,23.82,16.04,9.41,26.61,11.68,9.0,16.45,39.22,31.28,65.11,5.27,24.95,6.87,9.99,22.72,14.6,9.17,5.01,5.49,5.25,8.38,22.45,28.6,2.49,69.32,4.61,14.84,8.07,,17.8,7.21,8.01,10.13,15.2,11.81,16.48,7.92,8.41,21.43,4.2,45.76,10.92,5.84,28.01,9.81,5.88,11.38,3.14,9.11,11.32,8.5,20.41,6.41,9.8,9.0,3.75,17.41,3.01,8.75,5.08,5.21,11.08,9.25,11.39,8.71,23.66,8.8,11.08,4.71,3.61,6.76,4.77,9.77,5.49,3.54,8.69,5.9,34.5,34.58,136.91,47.1,101.58,21.14,108.88,25.9,87.8,13.44,29.08,31.38,7.2,3.22,5.47,4.8,53.36,11.84,7.84,4.98,3.85,39.1,4.46,81.94,10.25,83.0,118.95,6.94,6.12,3.26,2.31,55.51,6.48,327.66,6.85,13.34,2.84,3.48,8.91,15.61,13.46,7.48,18.04,124.5,18.2,24.75,3.65,26.61,8.61,25.75,21.59,20.76,31.2,35.02,7.56,10.98,5.16,72.4,12.01,10.58,6.76,10.35,30.38,22.9,9.73,33.0,34.38,11.9,32.77,13.83,9.17,6.86,22.33,21.79,127.1,5.46,27.81,33.34,32.18,26.5,27.2,7.97,23.54,25.73,26.8,19.25,11.56,27.2,13.78,17.9,52.07,14.33,10.55,24.51,8.97,9.81,61.3,12.98,18.16,30.61,38.19,29.48,15.5,23.96,30.51,10.23,15.06,89.11,12.86,7.38,7.57,43.91,22.6,24.22,27.56,22.72,7.08,7.42,18.46,36.05,6.77,36.67
2019-07-08,11.31,5.98,6.43,5.31,7.4,22.9,12.37,35.36,13.25,5.97,26.05,25.68,66.0,41.69,31.6,975.0,41.68,17.23,11.2,13.51,32.47,20.66,19.0,9.22,12.48,17.79,9.71,17.42,8.8,3.59,87.78,9.01,6.1,52.03,6.44,5.54,34.43,28.1,5.85,20.9,7.93,10.92,3.77,6.72,83.98,7.35,3.7,5.98,63.4,3.88,16.38,79.0,1.61,6.16,7.65,6.49,4.02,3.7,40.8,13.77,13.14,6.03,30.0,6.92,9.27,11.5,6.07,22.76,8.91,3.79,9.15,10.27,3.05,2.2,12.02,22.65,4.22,10.53,40.3,11.7,15.16,14.78,4.81,14.9,12.26,8.47,18.43,4.01,110.67,13.5,23.78,16.31,9.4,26.76,11.71,8.98,16.38,39.13,31.05,65.57,5.29,24.98,6.84,9.99,22.7,14.86,9.08,5.0,5.48,5.31,8.36,22.4,28.68,2.49,68.92,4.62,14.71,8.09,,17.83,7.22,8.07,10.17,15.38,11.89,16.5,7.94,8.38,21.57,4.19,46.03,10.88,5.99,31.12,10.53,5.89,11.47,3.16,9.08,11.3,8.42,20.58,6.42,9.79,9.11,3.76,17.6,3.02,8.71,5.1,5.27,11.01,9.2,11.57,8.71,23.75,8.97,11.12,4.7,3.63,6.87,4.84,9.73,5.51,3.57,8.74,5.9,34.93,34.58,136.0,47.23,101.07,21.32,108.21,25.77,87.55,13.45,28.65,32.13,7.1,3.23,5.43,4.8,54.01,11.77,7.76,4.99,3.83,39.01,4.5,80.75,10.28,82.6,120.01,6.91,6.15,3.27,2.31,55.89,6.41,322.02,6.79,13.4,2.84,3.5,8.94,15.59,13.41,7.4,18.45,124.5,18.69,24.87,3.67,27.11,8.68,25.66,21.39,20.58,31.59,35.29,7.6,11.08,5.2,73.13,12.03,10.68,6.79,10.3,30.6,23.1,9.69,32.68,34.24,11.82,33.0,13.91,9.15,6.92,22.37,21.81,126.61,5.57,28.04,33.09,32.39,26.9,28.78,8.02,23.5,25.83,26.79,19.09,11.71,27.25,13.64,17.52,51.26,14.35,10.6,24.38,8.86,9.84,61.27,12.8,18.29,30.88,38.02,29.54,15.65,23.43,30.2,10.57,15.15,90.21,12.96,7.42,7.77,43.7,22.92,24.51,27.45,22.43,6.97,7.41,18.42,36.5,6.7,36.66
2019-07-05,11.53,6.08,6.54,5.39,7.7,23.3,12.77,36.0,13.44,6.17,26.46,26.58,66.25,42.68,32.35,976.3,42.74,17.66,11.75,13.74,33.23,20.83,20.41,9.57,12.93,18.18,9.99,17.97,8.95,3.64,89.83,9.41,6.17,54.04,6.58,5.65,35.91,28.83,5.97,21.4,8.16,11.19,3.84,6.83,83.26,7.48,3.72,6.26,65.05,3.99,16.37,79.45,1.66,6.26,7.77,6.77,4.06,3.77,42.2,13.87,13.48,6.16,30.67,7.09,9.57,12.07,6.31,23.35,9.11,3.85,9.6,10.62,3.2,2.27,12.35,23.26,4.44,10.64,41.23,11.91,16.06,15.4,4.94,15.56,12.57,8.88,18.86,4.17,112.19,13.88,24.82,17.06,9.82,27.77,12.19,9.28,16.85,40.75,31.6,68.01,5.38,25.75,7.01,10.39,23.17,15.35,9.2,5.13,5.59,5.45,8.9,23.0,29.66,2.53,68.6,4.9,15.1,8.23,23.61,18.16,7.32,8.15,10.43,16.04,12.19,16.92,8.04,8.52,22.23,4.37,46.38,11.06,6.08,34.58,10.62,5.95,11.9,3.28,9.26,11.4,8.5,21.43,6.67,10.14,9.34,3.9,18.13,3.07,9.05,5.29,5.45,11.34,9.49,12.0,8.86,23.79,9.28,11.65,4.79,3.72,7.09,5.12,9.89,5.61,3.72,8.87,6.03,35.92,35.91,138.1,48.48,102.2,22.48,108.02,26.31,90.8,13.69,29.13,33.14,7.33,3.33,5.62,4.97,53.56,12.4,8.03,5.22,4.0,39.82,4.61,83.2,10.65,81.24,120.5,7.1,6.32,3.38,2.38,56.75,6.31,327.4,7.05,13.4,3.01,3.63,9.25,16.12,13.81,7.64,18.45,123.0,18.01,25.75,3.75,28.01,8.85,26.16,21.79,20.29,31.2,36.0,7.95,11.37,5.32,75.05,12.45,10.9,7.07,10.6,30.62,23.7,9.91,34.9,34.6,12.2,33.77,14.68,9.45,7.18,22.79,22.59,127.22,5.82,28.0,33.93,32.81,27.9,29.3,8.38,24.55,27.0,26.58,19.52,11.9,27.78,14.0,18.11,52.18,14.77,10.83,25.32,9.32,10.13,59.03,13.15,18.7,31.5,39.13,29.97,15.75,23.83,30.28,11.13,15.56,93.81,13.46,7.87,8.09,44.16,23.73,25.84,28.65,22.88,7.05,7.89,19.09,38.02,7.07,35.2
2019-07-04,11.57,6.43,6.59,5.38,7.69,23.4,12.8,36.01,13.37,6.18,26.8,26.4,65.7,42.6,32.75,971.22,42.28,17.67,11.79,13.65,33.09,21.02,20.42,9.58,13.12,18.21,10.03,18.04,8.94,3.64,89.35,9.3,6.18,53.77,6.59,5.65,35.58,28.61,5.95,21.43,8.2,11.43,3.85,6.87,81.65,7.48,3.75,6.37,65.26,4.01,16.3,79.2,1.66,6.25,7.79,6.8,4.18,3.79,41.93,13.84,13.57,6.18,30.54,7.1,9.62,12.04,6.3,23.08,9.1,3.83,9.7,10.63,3.22,2.27,12.23,23.38,4.47,10.57,40.88,12.0,16.03,15.42,4.95,15.26,12.61,8.92,18.96,4.16,111.3,13.75,25.68,17.1,9.74,27.7,12.28,9.34,16.96,40.57,31.43,67.46,5.42,25.6,7.03,10.45,23.01,15.32,9.18,5.13,5.56,5.47,8.85,22.85,29.62,2.53,67.3,4.98,15.3,8.23,23.11,18.15,7.32,8.18,10.44,15.99,12.22,16.93,8.07,8.54,21.98,4.34,45.8,10.86,6.06,38.42,10.6,5.98,11.97,3.29,9.23,11.49,8.45,21.4,6.66,10.18,9.34,3.9,18.13,3.07,9.0,5.33,5.45,11.39,9.47,12.0,8.94,23.4,9.33,11.84,4.8,3.69,7.1,5.07,9.97,5.6,3.72,8.9,6.05,36.15,36.13,136.32,47.8,101.26,22.72,108.23,26.18,91.0,13.88,29.22,32.91,7.27,3.32,5.6,4.98,54.0,12.35,7.98,5.23,4.01,40.05,4.61,82.45,10.69,80.3,117.66,7.13,6.34,3.39,2.39,56.43,6.29,325.2,7.04,13.5,3.01,3.63,9.28,16.0,13.82,7.66,18.2,120.28,18.0,25.93,3.76,28.01,9.16,26.0,21.9,19.63,30.7,36.0,7.75,11.35,5.35,74.18,12.6,11.1,7.08,10.54,30.71,23.66,9.78,35.65,34.61,12.15,33.7,14.62,9.45,7.24,22.58,22.44,126.66,5.96,27.8,33.97,32.58,27.9,29.21,8.55,24.5,26.88,26.71,25.26,11.9,28.1,13.88,18.17,52.82,14.72,10.85,25.69,9.46,10.16,58.64,13.06,18.69,32.33,39.43,29.71,16.62,23.6,30.0,11.06,15.63,94.07,13.47,7.95,8.1,44.28,23.77,25.88,28.64,22.75,6.89,7.88,19.12,38.35,7.06,34.8
2019-07-03,11.51,6.41,6.53,5.35,7.73,23.24,12.85,36.06,13.05,6.16,26.6,26.29,68.02,42.7,32.66,981.5,41.8,17.84,11.98,13.81,33.45,21.02,20.42,9.6,13.13,18.24,9.97,18.05,9.04,3.62,89.8,9.33,6.14,55.17,6.54,5.64,36.33,28.83,5.87,21.49,8.1,11.3,3.83,6.86,87.5,7.45,3.75,5.94,66.4,4.03,17.25,82.52,1.66,6.21,7.73,6.75,4.1,3.75,41.79,13.85,13.47,6.15,30.75,7.28,9.6,12.14,6.26,22.72,8.94,3.82,9.65,10.69,3.18,2.27,12.4,23.37,4.43,10.64,41.92,12.2,16.35,15.44,4.95,14.99,12.17,8.9,18.78,4.14,111.33,13.88,24.66,17.24,10.2,27.77,12.51,9.25,16.93,42.33,31.46,67.6,5.44,25.7,6.96,10.54,23.3,15.48,9.13,5.09,5.56,5.45,8.72,22.92,29.4,2.53,68.4,5.07,15.72,8.17,22.9,17.77,7.3,8.45,10.56,16.0,12.25,16.95,8.17,8.41,22.14,4.38,46.64,10.88,6.04,40.81,10.65,5.95,11.97,3.3,9.29,11.31,8.51,21.82,6.68,10.22,9.68,3.92,18.2,3.05,8.92,5.32,5.43,11.41,9.55,12.01,8.89,23.32,9.29,11.95,4.83,3.82,7.12,5.05,10.24,5.58,3.78,8.81,6.02,36.15,35.87,141.26,47.81,104.99,22.38,108.8,26.52,89.1,13.87,28.61,33.03,7.13,3.37,5.73,4.98,53.68,12.32,7.88,5.25,4.0,40.18,4.6,83.6,10.67,81.15,120.05,7.03,6.4,3.41,2.41,56.9,6.17,331.66,6.75,13.62,3.01,3.65,9.24,15.76,13.82,7.61,18.32,122.14,18.13,26.0,3.78,28.28,9.07,26.48,21.39,19.76,30.97,36.51,7.54,11.42,5.34,75.3,13.1,11.02,7.08,10.36,31.31,24.37,9.51,35.5,34.2,12.24,33.95,14.63,9.31,7.28,23.6,22.73,130.5,5.96,29.69,33.91,33.12,28.11,29.65,8.57,24.62,27.14,26.82,25.45,12.18,27.82,13.7,18.18,52.77,14.85,10.93,26.58,9.46,10.14,60.55,12.93,18.66,32.32,40.01,30.25,16.71,23.9,30.93,11.11,15.64,95.9,13.45,7.94,8.05,44.51,23.87,25.79,29.5,22.79,6.87,7.95,19.51,39.11,7.13,34.7
2019-07-02,11.57,6.4,6.57,5.42,7.78,24.07,13.12,36.3,12.93,6.28,25.82,26.04,67.9,43.18,32.21,1016.0,41.81,17.72,12.03,14.21,34.03,20.84,20.26,9.74,13.2,18.31,10.03,18.37,12.11,3.61,90.88,9.6,6.14,57.09,6.55,5.9,36.95,29.12,5.84,22.31,8.16,11.35,3.83,6.89,88.58,7.43,3.75,5.94,64.6,3.99,18.43,84.11,1.68,6.18,7.74,6.91,4.05,3.78,41.88,13.99,13.35,6.21,29.52,7.32,9.77,12.4,6.35,22.95,8.87,3.79,9.66,10.84,3.21,2.28,12.58,23.63,4.49,10.53,41.3,12.33,16.51,15.54,5.02,15.1,12.13,8.97,18.78,4.16,116.01,13.62,25.01,17.08,10.05,28.34,12.43,9.4,17.1,39.55,30.45,69.1,5.57,26.62,6.9,10.64,22.9,15.52,9.0,5.16,5.56,5.51,8.43,22.24,29.29,2.54,69.96,5.08,15.47,7.93,23.0,17.75,7.3,8.42,10.82,16.08,12.41,17.14,8.16,8.36,22.23,4.44,45.72,11.09,6.07,40.5,10.98,5.94,12.08,3.35,9.33,10.99,8.61,22.06,6.76,10.33,9.66,3.98,18.35,3.07,8.5,5.38,5.5,11.62,9.7,12.08,8.89,23.26,9.38,12.26,4.85,3.68,7.22,5.15,10.28,5.61,3.8,8.84,6.03,36.91,37.07,142.18,47.92,106.37,21.48,109.98,26.37,90.0,13.86,28.28,33.6,7.07,3.44,5.72,5.06,53.56,12.51,7.86,5.34,4.01,40.59,4.65,84.01,10.83,82.83,121.8,7.07,6.51,3.43,2.44,58.21,6.13,344.88,6.66,13.93,3.02,3.74,9.36,15.9,14.04,7.78,18.47,124.61,18.1,25.73,3.79,28.61,8.65,26.3,21.15,19.68,31.35,36.81,7.61,11.6,5.4,76.9,12.58,10.91,7.18,10.46,31.6,24.58,9.53,36.12,34.19,12.31,34.57,15.03,9.36,7.2,23.13,22.72,128.98,6.04,29.66,33.68,33.6,29.09,29.53,8.65,24.22,26.09,26.35,26.61,12.14,27.96,13.91,18.28,51.55,14.87,10.82,26.9,9.48,10.21,61.0,13.21,18.71,32.51,40.35,30.58,17.3,23.85,31.56,11.36,15.71,98.84,13.78,7.87,8.06,44.01,23.81,25.95,29.75,23.2,6.9,8.06,19.55,40.9,7.27,36.65
2019-07-01,11.69,6.39,6.55,5.47,7.84,24.2,13.18,36.7,12.84,6.21,25.78,25.74,66.98,43.6,32.61,1000.22,41.69,17.57,11.7,14.37,33.66,21.27,20.33,9.71,12.36,18.51,9.98,18.61,11.97,3.61,90.6,9.63,6.14,56.4,6.55,5.9,37.1,28.88,5.81,22.66,8.16,11.35,3.83,6.89,89.41,7.42,3.75,5.6,87.12,4.0,18.29,84.26,1.69,6.22,7.74,6.86,4.07,3.78,41.18,14.22,13.12,6.19,29.18,7.3,9.84,12.03,6.36,22.84,8.91,3.79,9.68,10.92,3.19,2.28,12.42,23.26,4.47,10.4,41.41,12.0,15.97,15.71,5.04,14.95,11.98,9.05,18.74,4.18,116.49,14.3,23.69,16.98,9.93,28.51,12.25,9.32,16.71,38.6,30.4,69.6,5.61,26.95,6.89,10.62,22.8,15.58,8.93,5.17,5.48,5.47,8.34,21.91,29.15,2.54,70.0,5.12,15.43,7.81,22.95,17.77,7.29,8.4,10.86,16.0,12.35,17.17,8.15,8.34,23.33,4.42,45.0,11.18,6.08,40.17,11.03,5.94,12.07,3.32,9.28,10.95,8.46,21.68,6.83,10.41,9.64,3.94,18.23,3.06,8.37,5.35,5.45,11.63,9.66,12.25,8.88,23.1,9.43,12.48,4.84,3.62,7.19,5.1,10.29,5.59,3.78,8.74,6.01,35.3,37.12,145.3,47.55,105.1,21.3,107.98,25.99,89.5,13.87,28.0,33.52,7.0,3.38,5.75,5.07,52.76,12.41,7.86,5.2,3.99,39.99,4.5,84.16,10.82,82.9,120.66,6.7,6.6,3.42,2.47,56.18,6.07,341.44,6.54,13.83,3.01,3.52,9.3,15.83,14.07,7.86,18.32,121.05,17.24,25.15,3.81,27.75,8.61,26.37,20.92,19.4,30.78,35.25,7.65,11.54,5.36,76.75,12.41,10.8,7.12,10.45,31.01,24.4,9.46,36.36,34.1,12.4,33.85,15.19,9.29,7.07,22.7,22.58,124.1,6.03,30.5,33.67,33.21,28.58,29.41,8.04,23.65,25.57,25.09,26.48,12.15,27.3,13.89,18.31,51.08,14.96,10.91,26.71,9.42,10.24,57.97,13.31,18.63,33.0,39.59,30.22,17.46,23.24,30.79,10.93,15.52,101.06,13.88,7.88,8.05,44.0,23.25,25.31,28.6,23.2,6.86,7.94,19.54,41.29,7.14,35.78
2019-06-28,11.54,6.32,6.46,5.41,7.61,23.6,12.89,35.84,12.69,6.12,25.32,25.18,64.75,42.63,32.18,971.33,40.92,17.07,11.16,14.01,32.75,20.85,20.08,9.38,11.98,18.08,9.83,17.95,11.81,3.58,87.63,9.39,6.08,54.46,6.45,5.84,35.98,28.11,5.72,22.1,8.06,11.16,3.8,6.86,85.81,7.35,3.72,5.48,85.71,3.95,17.51,80.62,1.67,6.15,7.66,6.7,4.07,3.74,40.68,13.8,12.87,6.18,28.77,7.21,9.54,12.46,6.18,22.35,8.74,3.73,9.45,10.83,3.12,2.25,12.19,22.86,4.39,10.25,40.85,11.94,15.6,15.54,4.9,14.75,11.85,8.94,18.48,4.07,114.0,13.92,23.53,16.52,9.85,27.7,12.05,9.12,16.48,41.01,29.89,67.59,5.58,26.2,6.78,10.42,22.23,15.25,8.86,5.12,5.36,5.38,8.24,21.18,28.6,2.52,67.8,4.95,15.27,7.72,22.51,17.7,7.23,8.3,10.56,15.0,12.27,16.97,8.02,8.23,22.93,4.29,44.71,10.81,5.99,39.8,10.62,5.85,11.78,3.27,9.19,10.76,7.99,21.16,6.67,10.11,9.51,3.89,18.01,3.02,8.2,5.25,5.35,11.27,9.5,12.0,8.8,22.91,9.22,11.98,4.79,3.75,7.06,4.95,10.04,5.54,3.73,8.62,5.94,32.85,36.73,137.2,46.71,103.71,20.96,103.37,25.6,85.06,13.58,27.69,32.13,6.91,3.27,6.0,4.98,51.4,12.23,7.66,5.11,3.91,39.74,4.43,82.52,10.53,79.54,115.52,6.57,6.43,3.36,2.45,54.32,6.02,335.68,6.44,13.23,2.98,3.41,9.1,15.58,13.62,7.57,18.01,115.88,17.01,24.74,3.77,27.01,8.62,25.74,20.83,19.22,30.0,34.0,7.5,11.3,5.28,75.23,12.16,10.48,6.96,10.24,30.51,23.8,9.36,34.74,33.21,12.14,32.8,14.22,8.49,6.84,22.3,22.16,119.82,5.95,30.6,33.77,31.03,27.12,29.35,7.82,23.3,25.15,24.68,24.4,11.93,26.7,13.39,18.04,50.23,14.8,10.75,25.5,9.25,9.99,58.24,13.06,18.2,32.6,38.61,28.88,16.0,22.52,30.52,10.68,15.16,96.6,13.38,7.69,7.84,42.6,22.83,24.26,27.61,22.9,6.76,7.73,19.11,40.7,6.88,35.69
2019-06-27,11.55,6.35,6.49,5.43,7.58,23.46,12.89,35.75,12.77,6.12,25.38,25.59,66.34,42.58,31.99,981.12,40.45,17.24,11.45,14.04,32.59,21.45,20.29,9.37,12.12,18.17,9.89,18.07,11.83,3.61,86.99,9.46,6.09,54.4,6.52,5.85,35.9,28.06,5.84,22.15,8.06,11.21,3.81,6.97,84.6,7.38,3.74,5.51,86.01,4.08,17.62,78.45,1.69,6.36,7.68,6.87,4.07,3.76,41.38,14.08,12.95,6.22,28.9,7.23,9.55,12.38,6.17,22.81,8.88,3.76,9.43,10.86,3.18,2.31,12.37,22.92,4.35,10.47,40.15,12.03,15.12,15.51,4.97,14.92,11.9,8.85,18.66,4.14,114.5,13.99,24.31,16.56,9.46,27.96,17.88,9.25,16.69,40.18,29.35,68.24,5.63,26.42,6.84,10.56,22.03,15.39,8.99,5.14,5.45,5.44,8.56,21.56,29.11,2.55,63.9,4.98,15.27,7.88,22.87,17.74,7.26,8.35,10.7,15.12,12.28,17.06,8.13,8.26,22.96,4.29,44.7,10.99,6.16,39.81,10.44,5.87,11.87,3.31,9.23,10.74,8.15,21.71,6.55,10.13,9.62,3.95,18.23,3.04,8.18,5.3,5.46,11.35,9.64,12.59,8.9,23.26,9.32,11.94,4.82,3.65,7.1,5.04,10.14,5.55,3.73,8.78,5.97,36.5,37.05,128.77,47.48,102.71,21.08,103.5,25.85,85.65,13.45,27.71,31.87,6.93,3.26,5.99,5.03,51.35,12.27,7.65,5.14,3.96,39.85,4.46,80.66,10.83,76.63,112.95,6.57,6.52,3.41,2.46,54.5,6.07,332.15,6.51,13.27,3.01,3.43,9.21,15.78,13.7,7.59,18.18,114.51,16.81,24.89,5.18,27.35,8.61,25.0,20.84,19.52,29.38,34.4,7.67,11.22,5.38,74.61,12.35,10.67,7.05,10.38,30.69,23.61,9.45,34.9,33.7,12.17,33.02,14.25,8.23,7.08,21.85,22.36,117.35,5.99,30.07,33.4,31.41,26.65,29.26,7.86,23.74,25.5,24.13,23.93,12.05,26.97,13.58,18.11,50.06,15.02,11.06,25.7,9.28,10.16,57.6,13.11,18.56,32.71,39.63,29.04,15.71,22.29,30.69,10.8,15.44,97.01,13.61,7.8,8.01,42.31,23.01,24.21,27.28,22.74,6.81,7.85,19.24,40.72,6.94,35.29
2019-06-26,11.55,6.33,6.51,5.37,7.36,23.02,12.81,35.02,12.71,6.09,25.18,24.8,65.7,42.21,31.03,971.22,39.76,16.9,11.15,13.86,32.31,23.83,20.19,9.28,11.93,18.08,9.87,17.66,11.79,3.6,86.4,9.36,6.07,53.4,6.49,5.8,36.0,27.64,5.81,21.86,8.04,11.09,3.82,6.95,84.07,7.3,3.73,5.34,82.82,4.08,17.49,77.83,1.7,6.37,7.66,6.74,4.02,3.78,40.61,14.0,12.84,6.21,28.42,7.18,9.41,12.44,6.09,22.51,8.76,3.75,9.42,10.68,3.17,2.3,12.16,22.81,4.28,10.38,39.62,16.72,14.96,15.63,4.87,14.81,11.87,8.78,18.49,4.15,113.99,13.49,23.16,16.35,9.49,27.51,17.58,9.19,16.45,40.35,29.11,67.0,5.67,26.1,6.8,10.49,21.52,15.43,8.98,5.12,5.36,5.4,8.61,21.31,28.51,2.54,63.25,4.92,15.15,7.85,22.48,17.6,7.23,8.31,10.57,14.94,12.2,16.6,8.71,8.27,22.37,4.21,44.5,10.91,6.13,39.61,10.39,5.85,11.81,3.28,9.16,10.58,8.05,21.68,6.51,10.02,9.55,3.94,17.94,3.02,8.21,5.27,5.41,11.18,9.53,12.5,8.88,23.21,9.22,11.71,4.83,3.65,7.02,4.98,10.0,5.51,3.7,8.76,5.96,,37.5,126.6,47.19,102.2,20.95,102.89,25.79,80.96,13.19,27.71,31.05,6.91,3.22,5.91,4.98,51.32,12.12,7.56,5.11,3.94,39.5,4.47,79.9,10.92,75.9,110.67,6.51,6.53,3.4,2.45,53.53,6.06,323.14,6.48,12.65,3.01,3.39,9.16,15.66,13.51,7.47,17.92,113.19,17.0,24.59,5.19,26.9,8.51,24.68,20.78,19.46,29.07,33.78,7.61,11.19,5.34,75.37,12.25,10.6,7.03,10.03,30.47,23.4,9.48,34.63,32.71,12.27,31.32,13.72,7.89,7.02,21.23,21.92,120.01,5.97,30.1,32.16,31.0,25.84,28.5,7.83,23.28,25.29,24.02,22.7,11.9,26.45,13.53,18.05,49.41,14.96,11.13,25.55,9.16,10.06,57.05,12.86,18.5,32.8,38.65,27.13,15.21,21.76,30.16,10.72,15.23,95.07,13.35,7.78,8.01,41.59,22.88,23.5,26.77,22.42,6.78,7.75,18.72,40.18,6.85,35.67
2019-06-25,11.51,6.33,6.53,5.35,7.35,22.83,12.73,34.75,12.78,6.11,25.18,24.63,65.09,41.91,30.69,967.0,39.68,16.78,11.11,13.86,31.93,24.5,20.21,9.21,11.88,18.0,9.82,17.67,11.77,3.62,85.32,9.36,6.07,53.02,6.49,5.77,35.81,27.52,5.81,22.01,8.07,11.11,3.99,6.93,83.6,7.25,3.74,5.33,82.68,4.07,17.43,77.56,1.7,6.4,7.66,6.7,4.01,3.78,40.04,14.1,12.85,6.21,28.25,7.17,9.46,12.43,6.08,22.48,8.69,3.75,9.47,10.56,3.16,2.3,12.23,22.7,4.3,10.4,39.28,16.75,14.86,15.65,4.95,14.74,11.86,8.76,18.5,4.16,113.6,13.94,23.16,16.35,9.71,27.34,17.62,9.1,16.4,41.6,29.08,66.61,5.57,25.68,6.77,10.43,21.5,15.05,8.97,5.11,5.35,5.4,8.64,21.15,28.47,2.55,62.4,4.98,14.6,7.82,22.33,17.53,7.23,8.3,10.57,14.86,12.31,16.63,8.68,8.26,22.44,4.21,44.8,10.93,6.09,39.42,10.58,5.84,11.82,3.26,9.09,10.63,7.94,21.57,6.5,10.4,9.38,3.92,17.8,3.02,8.32,5.23,5.4,11.15,9.4,12.35,8.81,23.14,9.25,12.05,4.8,3.82,7.08,4.93,9.96,5.51,3.68,8.76,5.95,,36.9,126.1,47.1,101.6,21.06,103.8,25.63,80.21,13.07,27.63,30.5,6.89,3.19,5.87,4.98,51.0,12.08,7.49,5.11,3.93,39.39,4.43,79.1,10.94,75.3,110.03,6.55,6.44,3.41,2.5,53.19,6.05,318.25,6.49,12.7,3.01,3.39,9.18,15.6,13.5,7.47,17.87,112.0,17.22,24.45,5.16,26.77,8.58,24.53,20.7,19.44,28.67,33.66,7.62,11.15,5.39,75.21,12.25,10.61,7.03,9.98,30.5,23.26,9.51,34.36,32.43,12.16,30.65,13.75,7.87,7.02,21.12,21.74,118.81,5.93,30.31,32.07,30.39,25.83,28.29,7.84,23.27,25.22,24.04,22.57,11.81,26.31,13.55,18.02,49.7,14.92,11.07,25.46,9.24,10.11,57.51,12.84,18.4,33.04,38.6,26.5,14.5,21.74,29.8,10.67,15.15,98.45,13.38,7.8,8.16,40.63,22.7,23.23,25.8,22.18,6.77,7.73,18.6,40.14,6.88,35.99
2019-06-24,11.96,6.38,6.56,5.38,7.5,23.53,13.01,37.48,12.88,6.19,25.04,24.9,65.58,41.89,30.83,975.0,39.86,16.9,11.21,14.12,32.06,24.54,20.08,9.4,12.14,18.42,9.91,17.92,11.75,3.63,87.22,9.6,6.26,54.25,6.55,5.83,36.66,28.02,5.84,22.62,8.13,11.23,4.03,6.98,83.78,7.38,3.75,5.35,84.01,4.09,16.85,77.53,1.72,6.51,7.76,6.96,4.04,3.84,40.26,14.27,12.96,6.3,28.75,7.26,9.66,12.89,6.2,22.74,9.4,3.82,9.47,10.46,3.23,2.33,12.4,23.23,4.33,10.64,39.65,16.94,15.46,15.46,5.01,14.81,12.09,8.87,18.64,4.22,112.11,14.37,23.47,16.72,9.4,28.0,17.61,9.34,16.65,39.87,29.23,68.86,5.64,26.42,6.85,10.65,21.85,15.27,9.09,5.12,5.43,5.54,8.66,21.33,28.4,2.57,61.06,,13.95,8.01,22.49,17.52,7.31,8.42,10.72,15.23,12.56,17.0,8.72,8.41,22.93,4.29,44.61,11.25,6.2,39.2,10.58,5.91,12.01,3.32,8.98,10.98,8.09,21.93,6.64,10.63,9.66,4.0,18.16,3.07,8.45,5.29,5.51,11.42,9.56,12.41,8.97,23.7,9.37,12.04,4.85,3.71,7.23,5.0,10.24,5.57,3.73,8.96,6.04,,37.45,126.5,48.1,100.5,21.52,104.22,25.9,83.21,13.61,28.03,30.93,7.02,3.26,5.87,5.07,51.4,12.45,7.56,5.21,4.0,38.93,4.51,78.28,11.16,75.0,110.37,6.52,6.6,3.46,2.48,53.3,6.12,317.2,6.51,13.02,3.03,3.44,9.32,15.54,13.8,7.64,18.21,112.01,17.2,24.63,5.18,27.41,8.62,24.31,20.89,19.51,28.5,34.85,7.75,11.55,5.56,75.21,12.82,10.74,7.22,10.13,30.5,23.7,9.7,34.91,32.8,11.74,31.85,13.9,8.1,7.11,20.95,22.15,119.41,6.06,29.31,31.2,31.06,26.56,28.54,7.94,23.77,25.86,23.74,23.1,12.02,26.5,13.72,18.32,50.21,15.34,11.35,25.98,9.17,10.26,57.07,13.11,19.04,34.51,38.8,27.0,14.61,22.21,29.67,10.95,15.5,100.1,13.71,7.91,8.0,40.93,23.6,23.8,26.78,22.19,6.86,7.88,18.92,40.62,7.01,36.01
2019-06-21,12.03,6.38,6.49,5.37,7.51,23.06,13.0,37.5,12.98,6.22,25.0,24.7,65.34,41.56,30.38,964.5,39.97,16.86,11.16,14.05,32.25,22.6,20.03,9.41,11.94,18.52,10.01,17.59,11.77,3.63,87.23,9.5,6.25,54.11,6.58,5.82,36.81,27.98,5.85,22.29,8.13,11.27,4.03,6.99,84.3,7.38,3.77,5.35,83.8,4.04,16.9,77.7,1.71,6.62,7.75,6.9,4.03,3.85,40.12,14.5,12.98,6.31,28.8,7.28,9.69,12.83,6.23,22.53,9.31,3.83,9.5,10.46,3.18,2.31,12.36,23.1,4.32,10.66,39.62,16.87,15.5,15.38,5.03,14.82,12.09,8.9,18.6,4.23,112.41,14.41,23.42,16.83,9.02,28.41,17.4,9.39,16.71,37.5,29.31,69.11,5.57,25.73,6.86,10.65,21.89,15.27,9.1,5.14,5.4,5.54,8.72,21.55,28.16,2.58,60.66,5.06,13.85,8.09,22.4,17.62,7.34,8.43,10.77,15.33,12.62,16.76,8.69,8.52,22.81,4.28,45.5,11.43,6.2,39.36,10.88,5.94,11.93,3.33,8.97,10.9,8.15,21.35,6.59,10.47,9.71,3.96,18.14,3.06,8.44,5.29,5.52,11.28,9.47,12.37,9.04,23.66,9.39,12.14,4.85,3.64,7.22,4.9,10.4,5.57,3.73,8.98,6.03,40.2,36.94,123.86,47.96,101.02,21.35,105.81,25.43,84.36,13.58,28.12,31.62,7.08,3.27,5.86,5.09,51.83,12.51,7.53,5.12,4.0,39.23,4.54,78.6,11.16,73.76,109.0,6.43,6.59,3.49,2.47,53.21,6.13,317.2,6.58,13.11,3.02,3.44,9.36,15.44,13.5,7.61,18.16,111.2,17.17,24.56,5.13,26.62,8.72,24.45,20.93,19.92,28.64,35.18,7.91,11.21,5.52,75.02,12.98,10.7,7.17,10.17,30.75,23.65,9.8,34.7,32.41,11.54,31.54,14.0,8.26,7.25,20.98,22.26,118.0,6.09,29.51,31.01,30.35,26.82,27.84,8.0,23.6,25.7,23.5,23.68,12.09,26.31,13.49,18.2,50.0,15.35,11.3,26.17,8.89,10.3,57.99,12.7,19.15,34.51,39.31,27.2,14.9,22.34,29.88,10.95,15.61,97.0,13.76,8.05,8.1,41.46,23.82,24.12,26.75,21.7,6.89,7.99,19.08,40.2,7.05,37.11
2019-06-20,11.85,6.33,6.4,5.27,7.31,21.54,12.82,36.86,12.78,6.1,24.32,24.0,64.03,39.77,29.7,932.2,39.37,16.5,10.79,13.04,31.7,20.01,19.95,9.17,11.62,18.1,9.85,16.67,11.73,3.63,83.92,9.0,6.22,51.82,6.47,5.77,36.08,26.93,5.74,20.36,8.06,11.07,3.97,6.88,82.03,7.42,3.77,5.22,85.03,3.98,16.33,76.03,1.69,6.65,7.65,6.65,4.01,3.77,39.13,13.93,12.76,6.2,28.46,7.13,9.18,12.63,6.05,21.93,9.01,3.76,9.25,10.22,3.05,2.26,12.2,22.85,4.2,10.4,38.23,16.72,15.12,15.12,4.74,14.49,11.83,8.8,18.05,4.23,109.3,14.1,22.81,16.13,8.91,27.92,16.93,9.19,16.33,36.1,28.87,65.57,5.4,24.83,6.71,10.35,21.55,14.96,9.08,5.06,5.27,5.3,8.56,20.62,27.41,2.55,58.5,4.53,13.54,8.0,21.95,17.72,7.25,8.28,10.23,15.0,12.56,15.78,8.61,8.37,22.18,4.22,45.16,10.91,6.11,38.6,9.87,5.87,11.26,3.23,8.81,10.69,7.95,20.68,6.25,9.72,9.45,3.87,17.79,3.01,8.21,5.24,5.36,10.67,9.2,12.16,8.92,23.13,9.03,11.39,4.78,3.52,6.87,4.79,10.13,5.5,3.65,8.87,5.94,38.85,36.56,118.53,47.09,100.21,20.79,106.3,24.88,80.1,13.12,27.63,30.5,6.95,3.2,5.7,4.87,52.11,12.17,7.29,5.0,3.86,38.56,4.42,77.66,10.93,70.67,105.2,6.27,6.36,3.41,2.43,52.02,6.05,306.5,6.53,12.91,2.98,3.36,8.97,15.08,12.92,7.18,17.61,105.33,17.77,24.3,5.04,25.86,8.54,28.66,20.61,19.56,28.38,34.53,7.91,10.95,5.4,74.45,12.86,10.37,6.95,9.88,30.28,23.1,9.48,34.02,31.51,11.2,30.62,13.71,8.04,7.14,20.31,21.7,115.58,5.88,29.85,30.97,29.35,26.19,27.15,7.82,23.1,25.05,23.08,22.61,11.76,25.67,13.1,18.05,49.08,15.11,11.21,25.62,9.0,9.97,59.95,12.01,18.65,33.85,38.25,26.91,14.0,21.61,29.11,10.6,15.11,87.55,12.86,7.69,7.54,39.88,23.07,23.4,26.67,20.76,6.71,7.61,18.59,38.84,6.8,37.03
2019-06-19,11.81,6.32,6.44,5.27,7.28,21.5,12.85,36.57,12.79,6.08,24.37,24.06,63.68,39.55,29.9,932.01,39.37,16.53,10.86,13.04,31.73,20.26,19.96,9.12,11.82,18.1,9.86,16.72,11.73,3.64,83.5,9.02,6.21,51.82,6.49,5.76,36.02,26.8,5.75,20.3,8.09,11.1,3.97,6.93,80.88,7.4,3.77,5.24,85.2,3.99,16.23,75.57,1.7,6.62,7.65,6.52,4.05,3.78,39.3,14.12,12.82,6.22,28.56,7.15,9.22,13.03,5.97,22.1,9.02,3.76,9.27,10.24,3.05,2.27,12.2,22.93,4.17,10.5,38.2,16.7,15.31,15.06,4.76,14.21,11.82,8.82,17.91,4.18,109.52,14.03,22.81,16.57,8.7,28.0,17.0,9.24,16.36,34.8,28.83,65.55,5.41,24.74,6.7,10.4,21.5,15.0,9.13,5.08,5.27,5.31,8.6,20.28,27.57,2.56,59.16,4.54,13.5,7.95,22.0,17.68,7.24,8.31,10.32,15.0,12.61,15.8,8.49,8.36,22.36,4.18,45.21,11.05,6.13,38.8,10.05,5.86,11.32,3.25,8.78,10.75,7.91,20.89,6.28,9.76,9.46,3.89,17.81,3.02,8.3,5.24,5.37,10.71,9.23,12.2,8.92,23.39,9.09,11.61,4.78,3.42,6.92,4.79,10.11,5.5,3.63,8.86,5.93,38.92,36.88,117.53,47.02,99.88,21.04,105.01,24.9,78.91,13.01,27.59,30.9,6.94,3.21,5.72,4.87,52.01,12.21,7.27,5.04,3.86,38.75,4.43,77.59,11.07,70.85,103.4,6.29,6.39,3.46,2.43,52.01,6.15,306.11,6.55,12.87,2.99,3.37,8.98,15.2,12.99,7.21,18.13,105.86,18.95,24.37,5.06,26.14,8.59,28.6,20.56,19.67,28.22,34.51,8.05,10.94,5.43,73.51,13.17,10.31,7.0,9.98,30.0,23.06,9.52,34.07,31.81,11.18,30.71,13.66,8.06,7.12,20.3,21.72,114.98,5.91,30.02,30.35,29.05,26.13,27.11,7.92,23.19,25.53,24.12,22.8,11.76,25.64,12.98,18.16,49.46,15.39,11.23,25.55,8.68,10.0,61.6,12.05,18.86,34.22,39.13,26.3,14.13,21.65,29.36,10.7,15.23,87.48,12.87,7.57,7.46,40.0,23.23,23.6,26.71,20.6,6.74,7.68,18.3,38.8,6.88,37.73
2019-06-18,11.72,6.28,6.39,5.22,7.06,20.6,12.72,35.51,12.61,6.01,24.06,23.68,61.86,38.51,29.85,902.6,40.59,16.1,10.57,12.72,31.21,19.56,20.01,8.66,11.6,18.42,9.82,16.24,11.6,3.79,79.85,8.82,6.15,50.5,6.45,5.72,34.92,26.61,5.68,19.22,8.02,10.98,3.95,6.92,79.79,7.23,3.73,5.16,84.35,3.92,15.67,74.2,1.69,6.52,7.59,6.34,4.02,3.75,38.42,13.92,12.61,6.14,28.3,7.05,8.96,13.01,5.76,21.63,8.87,3.75,9.07,10.15,,2.25,12.12,22.31,4.11,10.38,37.36,16.4,14.94,14.87,4.64,13.95,11.75,8.66,17.54,4.08,107.88,13.46,22.4,16.32,8.68,27.82,16.65,9.11,16.12,34.78,28.73,62.62,5.36,23.62,6.61,10.26,21.38,14.82,9.13,5.03,5.23,5.22,8.53,19.91,27.22,2.54,57.65,4.51,13.2,7.86,21.63,17.56,7.2,8.23,10.06,14.6,12.45,15.35,8.38,8.25,21.4,4.07,44.8,10.82,6.07,39.01,9.82,5.81,11.03,3.23,8.6,10.61,7.73,20.59,6.12,9.51,9.36,3.84,17.65,2.99,8.31,5.17,5.28,10.42,9.14,12.11,8.82,23.11,8.83,10.65,4.76,3.41,6.75,4.61,9.71,5.43,3.59,8.78,5.88,38.0,36.62,111.01,46.4,100.18,20.75,102.58,24.51,76.1,12.59,27.4,29.53,6.87,3.17,5.6,4.8,50.5,11.99,7.15,4.89,3.79,38.39,4.4,76.52,10.97,68.5,101.57,6.3,6.29,3.48,2.41,50.41,6.17,297.0,6.49,12.47,2.97,3.33,8.72,15.04,12.62,7.06,18.14,102.2,18.5,23.88,5.03,25.56,8.52,27.9,20.68,19.44,27.27,33.12,7.92,10.75,5.31,71.6,12.08,10.05,6.89,9.96,29.1,22.5,9.46,32.68,31.11,11.06,29.04,12.89,7.6,6.81,20.35,21.35,112.58,5.85,29.95,29.67,28.44,24.67,26.35,7.71,22.97,25.5,23.93,20.82,11.9,25.13,12.42,18.01,48.97,15.9,11.1,24.5,8.37,9.84,59.6,11.69,18.45,34.05,38.82,25.1,13.71,21.34,28.68,10.39,14.78,82.2,12.38,7.38,7.29,37.72,22.52,22.85,26.53,20.05,6.56,7.5,17.62,37.39,6.73,37.69
2019-06-17,11.75,6.28,6.36,5.2,7.08,20.62,12.61,35.26,12.68,6.03,24.3,23.99,61.5,38.38,29.58,906.02,40.67,16.08,10.59,12.71,31.21,20.0,19.51,8.71,11.68,18.31,9.76,16.15,11.61,3.75,79.5,8.79,6.16,50.26,6.43,5.72,34.88,26.53,5.71,19.31,8.02,11.0,3.94,6.99,79.52,7.21,3.72,5.2,82.36,3.98,15.59,73.43,1.71,6.63,7.58,6.31,4.06,3.76,38.7,13.36,12.45,6.13,28.36,7.05,9.07,13.61,5.81,21.76,8.9,3.72,9.07,10.1,2.97,2.26,12.07,22.42,4.15,10.4,38.26,16.17,14.58,14.93,4.66,13.94,11.72,8.5,17.46,3.96,106.7,13.02,22.55,,8.68,27.62,16.84,9.11,16.1,34.7,28.68,62.44,5.38,23.41,6.66,10.32,21.42,15.01,9.09,5.03,5.24,5.25,8.59,19.78,27.19,2.52,58.28,4.51,13.18,7.85,21.66,17.46,7.22,8.23,10.1,14.67,12.61,15.36,8.38,8.22,20.37,4.05,44.65,10.66,6.07,39.65,9.71,5.8,11.36,3.22,8.58,10.53,7.68,20.53,6.17,9.55,9.35,3.89,17.7,2.98,8.33,5.13,5.3,10.53,9.16,12.1,8.76,23.25,8.88,10.65,4.72,3.41,6.84,4.6,9.8,5.42,3.61,8.86,5.86,37.96,35.42,111.05,46.18,100.35,21.05,103.66,24.15,76.8,12.48,27.75,29.61,6.93,3.16,5.54,4.79,50.39,12.12,7.19,4.92,3.8,38.34,4.38,77.02,10.96,69.07,102.31,6.32,6.3,3.45,2.4,50.57,6.21,297.68,6.48,12.41,2.97,3.36,8.83,15.0,12.69,7.11,18.3,102.11,18.26,24.0,5.04,25.51,8.71,28.49,21.02,19.8,26.99,33.22,7.8,10.83,5.36,71.4,12.72,10.01,6.88,10.0,28.95,22.59,9.48,32.57,31.21,11.04,28.6,12.9,7.76,6.92,20.33,21.46,112.6,5.8,30.05,29.6,28.29,24.61,26.37,7.72,23.5,25.66,24.14,20.91,11.73,25.4,12.36,18.01,49.0,15.5,11.2,24.0,8.49,9.85,59.7,11.7,18.77,33.91,38.42,25.03,13.74,21.23,28.48,10.55,14.78,81.94,12.4,7.43,7.27,37.67,22.96,22.73,25.71,20.0,6.57,7.41,17.42,37.8,6.7,37.0
2019-06-14,11.71,6.27,6.37,5.2,7.09,20.64,12.74,35.18,12.78,6.04,24.2,23.23,61.0,38.76,29.83,910.02,40.65,16.24,10.57,12.65,31.59,20.2,19.28,8.67,11.78,18.26,9.75,16.16,11.59,3.75,79.67,8.93,6.15,50.58,6.45,5.72,34.7,26.42,5.71,19.22,8.04,11.01,3.94,7.0,78.88,7.21,3.72,5.18,80.78,4.0,15.77,72.9,1.7,6.61,7.57,6.38,4.07,3.8,38.96,12.91,12.42,6.13,28.38,7.09,9.06,13.56,5.85,22.06,8.82,3.72,9.07,10.11,2.98,2.27,12.09,22.59,4.17,10.34,38.1,16.27,14.83,14.88,4.64,14.05,11.79,8.62,17.46,3.95,106.6,14.1,22.6,,8.75,27.7,16.76,9.13,16.25,34.2,28.78,62.68,5.49,23.9,6.68,10.39,21.44,14.96,9.06,5.05,5.27,5.27,8.62,19.88,27.45,2.52,58.55,4.56,13.18,7.9,22.2,17.36,7.21,8.2,10.16,14.76,12.68,15.33,8.36,8.19,22.11,4.07,44.32,10.68,6.14,39.95,9.7,5.8,11.48,3.27,8.61,10.59,7.75,21.08,6.17,9.72,9.26,3.91,17.67,3.0,8.4,5.19,5.3,10.49,9.16,12.15,8.71,23.36,8.92,10.76,4.71,3.37,6.86,4.63,9.85,5.45,3.62,12.93,5.87,38.32,35.28,111.0,46.5,101.81,21.2,109.6,24.13,78.16,12.45,27.78,30.08,6.97,3.19,5.53,4.78,50.55,12.11,7.19,4.92,3.81,38.58,4.39,77.31,11.1,69.8,103.63,6.38,6.38,3.41,2.42,51.08,6.09,300.0,6.53,12.39,2.98,3.38,8.88,15.17,12.71,7.09,18.75,104.69,18.7,24.02,5.06,25.65,8.79,28.26,21.1,19.66,41.11,33.73,7.8,10.84,5.4,71.7,13.55,10.03,6.92,10.02,28.88,22.66,9.55,33.25,31.51,11.0,28.6,13.0,7.91,6.91,20.3,21.43,113.56,5.87,30.4,29.68,28.22,25.14,26.45,7.8,23.62,25.85,24.37,21.54,11.65,25.28,12.5,18.26,49.3,15.83,11.26,24.65,8.5,9.86,61.01,11.77,18.83,34.01,38.12,24.88,13.66,21.37,28.5,10.68,14.82,83.3,12.5,7.45,7.35,37.65,22.91,23.0,24.61,20.61,6.71,7.47,17.57,37.9,6.76,39.08
2019-06-13,11.5,6.25,6.34,5.19,7.15,20.71,12.76,34.88,12.65,6.13,24.27,22.98,60.0,39.18,29.75,897.0,40.48,16.12,10.83,12.82,31.36,20.66,19.26,8.83,11.62,18.25,9.87,16.41,11.61,3.78,79.8,8.88,6.12,50.81,6.53,5.71,34.54,26.44,5.85,19.15,8.04,11.06,3.94,7.0,77.77,7.17,3.71,5.04,80.31,3.98,15.78,72.65,1.72,6.58,7.59,6.46,4.07,3.83,39.42,12.58,12.4,6.15,28.1,7.1,9.21,13.56,5.9,22.15,8.95,3.76,9.11,10.09,3.0,2.26,12.19,22.7,4.25,10.48,38.35,16.42,14.71,14.86,4.7,14.24,11.87,8.66,17.68,3.95,106.71,14.08,22.5,,8.67,28.2,17.36,9.33,16.05,33.51,28.53,62.76,5.56,23.25,6.67,10.47,21.4,15.35,9.13,5.15,5.24,5.25,8.62,20.14,27.71,2.53,58.2,4.4,13.22,7.96,22.32,17.63,7.22,8.24,10.2,15.06,12.61,15.66,8.37,8.36,22.14,4.06,43.81,10.46,6.14,38.84,9.45,5.81,11.67,3.17,8.73,10.64,7.86,20.73,6.27,9.95,9.41,3.95,17.54,3.0,8.4,5.15,5.3,10.66,9.22,11.97,8.66,23.57,9.08,10.61,4.73,3.36,7.06,4.75,10.08,5.45,3.65,12.97,5.86,39.1,34.27,111.77,47.05,102.02,21.13,110.22,24.37,77.29,12.43,27.58,31.0,6.99,3.25,5.41,4.8,50.21,12.18,7.19,5.02,3.85,39.5,4.38,76.51,11.05,69.89,105.0,6.43,6.38,3.36,2.41,50.77,6.38,289.88,6.49,12.49,2.97,3.43,9.04,15.2,12.85,7.19,19.02,105.15,19.12,24.01,5.06,26.27,8.73,28.05,21.1,19.23,40.75,34.85,7.94,10.87,5.42,70.26,13.34,10.06,7.05,10.14,29.33,22.7,9.57,32.71,31.55,10.92,28.99,12.98,8.06,6.82,20.45,21.44,113.45,5.87,30.41,29.25,28.52,25.21,26.27,7.82,23.94,26.14,24.31,21.93,11.51,25.47,12.4,18.25,49.89,15.52,11.08,23.95,8.79,10.11,60.36,11.92,18.92,34.7,38.31,25.6,14.06,21.2,28.69,10.96,15.05,85.7,12.81,7.67,7.45,36.81,23.08,23.71,24.42,20.6,6.78,7.71,17.71,38.2,6.83,38.38
2019-06-12,11.4,6.25,6.38,5.24,7.18,20.68,12.81,35.05,12.69,6.16,24.16,23.15,59.1,39.44,30.17,894.0,40.65,16.28,10.96,12.86,31.74,21.25,19.24,8.87,11.85,18.26,10.05,16.44,11.59,3.79,80.33,8.91,6.12,51.44,6.59,5.74,34.86,26.7,5.92,19.06,8.11,11.31,3.95,7.05,78.05,7.22,3.72,5.08,80.33,4.02,15.95,73.95,1.75,6.55,7.61,6.57,4.09,3.86,39.55,12.54,12.62,6.22,28.11,7.16,9.23,13.68,5.93,22.3,8.95,3.77,9.24,10.16,3.03,2.28,12.18,22.6,4.24,10.57,38.56,16.65,14.93,15.02,4.73,14.28,11.96,8.79,17.8,3.95,107.3,14.34,22.56,,8.43,28.62,17.44,9.17,16.4,32.64,28.81,62.88,5.59,23.05,6.73,10.25,21.82,15.03,9.14,5.2,5.3,5.28,8.81,20.91,27.82,2.54,59.33,4.54,13.35,7.98,22.33,17.77,7.23,8.24,10.19,15.05,12.65,15.7,8.44,8.34,22.26,4.14,43.89,10.42,6.22,38.84,9.57,5.86,11.7,3.19,8.78,10.83,7.9,20.7,6.28,9.99,9.44,3.95,17.62,3.01,8.76,5.11,5.3,10.7,9.27,12.14,8.65,23.71,9.11,10.5,4.73,3.29,7.05,4.83,10.09,5.47,3.68,12.94,5.91,39.0,33.52,111.6,47.5,102.21,21.5,111.59,24.38,77.36,12.44,27.81,31.0,7.05,3.24,5.43,4.79,50.83,12.31,7.22,5.05,3.87,39.73,4.41,76.7,11.24,70.35,105.5,6.55,6.38,3.32,2.41,52.51,6.5,293.01,6.55,12.6,2.99,3.43,8.99,15.33,12.9,7.19,18.99,106.41,19.08,24.35,5.09,26.34,9.06,28.2,21.34,19.6,40.72,34.76,7.81,10.98,5.45,71.2,13.2,10.16,7.04,10.2,29.09,22.95,9.7,32.82,32.01,11.06,29.06,13.08,8.23,6.84,20.69,21.4,114.56,5.85,30.61,29.15,28.99,25.45,26.78,7.92,24.17,26.35,24.61,22.56,11.35,25.55,12.39,18.34,50.56,15.66,10.81,23.75,8.85,10.12,60.31,12.03,18.88,34.8,38.3,25.5,14.21,21.3,28.72,11.04,15.19,86.5,12.82,7.71,7.48,37.44,23.28,23.92,24.3,20.88,6.78,7.76,18.03,38.61,6.9,38.21
2019-06-11,11.27,6.23,6.35,5.25,6.96,20.04,12.37,34.74,12.78,6.03,23.9,22.73,58.71,38.14,29.94,875.0,39.54,15.92,10.04,12.35,30.7,20.53,19.1,8.56,11.5,18.23,9.98,16.05,11.48,3.79,79.13,8.61,6.1,50.3,6.56,5.76,34.45,26.33,5.91,18.39,8.12,11.39,3.93,7.03,76.32,7.24,3.74,4.98,78.44,3.89,15.51,73.02,1.7,6.52,7.56,6.4,4.07,3.83,38.6,12.01,12.56,6.15,27.69,7.04,8.88,12.69,5.76,21.8,8.87,3.73,9.05,10.11,2.98,2.23,12.18,21.91,4.16,10.27,37.97,16.54,15.75,14.59,4.5,13.97,11.87,8.68,17.38,3.89,104.19,14.42,22.08,,8.31,27.87,16.81,8.94,16.11,32.4,28.6,59.5,5.56,22.17,6.71,10.08,22.11,14.56,9.15,5.18,5.17,5.13,8.62,20.65,27.37,2.52,56.08,4.19,13.21,7.98,22.01,17.93,7.26,8.18,9.88,14.7,12.37,15.3,8.43,8.21,22.71,4.07,42.76,9.76,6.16,39.06,8.96,5.85,11.31,3.11,8.68,10.53,7.66,20.24,6.04,9.76,9.27,3.82,17.23,3.01,8.76,5.03,5.2,10.36,9.12,11.97,8.56,23.1,8.62,9.57,4.65,3.22,6.77,4.72,9.89,5.42,3.6,12.84,5.9,36.75,32.36,112.14,46.4,102.78,26.62,112.78,24.08,74.3,12.3,27.85,30.35,6.93,3.17,5.24,4.64,49.6,11.8,7.45,4.95,3.79,39.72,4.26,75.14,11.2,68.56,103.18,6.32,6.2,3.24,2.35,52.37,6.35,290.6,6.46,12.3,2.96,3.35,8.54,14.96,12.48,6.89,18.11,100.68,18.2,24.35,5.03,25.41,9.08,27.56,21.3,18.5,39.63,34.17,7.66,10.67,5.28,69.39,12.88,10.03,6.97,9.89,37.42,22.56,9.65,31.54,31.4,10.83,28.2,12.8,7.91,6.66,20.1,20.9,113.3,5.32,30.12,29.2,27.67,24.75,26.78,7.7,23.5,25.85,24.22,21.8,11.12,24.49,12.12,18.13,50.15,15.21,10.45,23.73,8.74,9.72,57.82,11.8,18.49,35.12,37.9,24.94,13.36,20.9,28.5,10.75,14.85,79.6,12.17,7.53,7.26,36.28,22.82,23.05,23.49,20.88,6.61,7.43,17.41,37.67,6.64,36.91
2019-06-10,11.53,6.21,6.3,5.48,6.8,19.71,11.98,34.01,12.56,6.1,24.15,22.4,57.38,37.68,29.29,840.0,38.35,15.58,9.93,12.12,29.9,20.5,19.01,8.32,11.55,17.94,9.42,15.78,11.47,3.76,77.49,8.41,6.08,49.2,6.36,5.74,34.01,26.08,5.68,17.92,7.9,10.84,3.92,7.03,74.02,7.18,3.72,4.97,76.77,3.86,14.97,69.98,1.68,6.54,7.52,6.2,4.01,3.83,38.57,11.75,12.59,6.02,27.66,6.97,8.65,12.33,5.66,21.71,8.7,3.64,8.88,10.53,2.97,2.22,11.71,21.77,4.14,9.72,37.42,16.38,15.57,14.39,4.38,13.85,11.67,8.59,17.18,3.87,102.12,13.8,21.87,,8.37,27.87,16.33,8.89,15.91,32.44,27.61,58.0,5.46,21.93,6.63,9.94,21.54,14.35,9.06,5.15,5.15,5.07,8.75,20.61,27.47,2.49,52.7,4.3,13.07,7.81,21.93,17.59,7.22,8.1,9.58,14.62,12.25,14.91,8.37,8.18,21.85,4.04,42.2,9.6,6.11,37.82,8.61,5.82,11.02,3.06,8.57,10.46,7.55,20.3,5.94,9.35,9.16,3.76,17.05,2.95,8.7,4.86,5.19,10.08,9.11,11.94,8.47,22.67,8.62,9.4,4.6,3.22,6.48,4.64,9.68,5.37,3.53,12.64,5.85,36.41,32.1,110.38,45.69,99.33,26.1,111.23,23.6,74.4,11.98,27.17,29.78,6.81,3.14,5.21,4.53,49.34,11.42,7.33,4.83,3.77,39.52,4.15,73.34,11.11,65.67,97.0,6.42,6.13,3.21,2.32,52.42,6.25,285.02,6.13,12.01,2.95,3.32,8.32,14.95,12.26,6.78,17.85,96.0,17.9,23.85,5.0,25.24,8.85,26.96,21.04,18.2,38.66,33.35,7.4,10.5,5.26,68.51,12.7,9.78,6.83,9.53,36.66,21.93,9.54,31.33,30.87,10.72,28.0,12.16,7.82,6.36,19.11,20.67,109.31,5.25,29.71,28.67,27.61,23.88,25.74,7.66,23.23,25.5,24.32,21.16,11.05,24.21,12.0,18.12,50.66,15.13,10.55,23.04,8.3,9.54,55.68,11.09,18.19,34.03,37.0,24.33,12.88,20.55,27.83,10.57,14.74,77.77,11.9,7.43,7.23,36.3,22.34,22.77,22.53,20.52,6.53,7.32,17.45,37.81,6.6,36.2
2019-06-06,11.38,6.17,6.3,5.45,7.02,20.02,11.95,33.38,12.53,6.04,24.36,22.31,57.18,37.7,29.24,858.0,37.79,15.55,10.21,12.53,29.9,22.68,18.8,8.62,12.75,17.81,9.37,15.86,11.4,3.75,76.88,8.52,6.06,48.96,6.35,5.73,33.64,25.94,5.64,18.69,7.86,10.8,3.9,7.02,73.44,7.14,3.71,4.98,76.63,3.86,14.88,69.23,1.69,6.62,7.51,6.24,3.99,3.9,38.51,12.38,12.26,6.01,27.41,6.95,9.01,12.37,5.84,21.88,8.63,3.63,8.83,10.53,2.96,2.23,11.82,21.66,4.14,10.36,36.46,16.15,15.63,14.38,4.58,14.0,11.59,8.52,17.1,3.86,102.28,13.89,21.72,,8.45,27.67,16.27,8.86,15.88,32.88,28.1,59.49,5.42,21.97,6.61,9.96,21.11,14.3,9.01,5.13,5.13,5.2,8.6,20.56,27.3,2.48,53.78,4.71,12.3,7.76,21.9,17.51,7.18,8.14,9.97,14.56,11.62,15.26,8.36,8.2,21.84,4.02,42.63,10.21,5.98,37.53,9.19,5.8,11.41,3.08,8.59,10.48,7.63,20.02,6.15,9.96,9.12,3.76,16.98,2.95,8.51,4.83,5.17,10.37,9.0,11.93,8.41,22.56,8.52,9.92,4.6,3.3,7.1,4.66,9.72,5.37,3.6,12.59,5.8,36.12,31.86,111.6,45.52,98.7,25.63,112.11,23.89,74.05,11.89,26.92,29.29,6.79,3.11,5.19,4.63,48.87,11.19,7.34,4.78,3.77,39.7,4.11,74.05,11.1,66.57,100.17,6.46,6.15,3.21,2.32,51.99,6.22,268.01,6.04,12.4,2.95,3.3,9.1,14.8,12.61,7.06,17.66,96.66,18.5,23.74,5.0,25.28,8.81,26.87,20.87,18.2,38.8,33.13,7.37,10.58,5.25,68.32,12.76,9.63,6.88,9.46,36.6,21.86,9.46,31.25,30.76,10.6,27.92,12.13,7.76,6.33,18.93,20.83,110.6,5.28,29.5,28.46,27.9,23.55,25.31,7.68,22.91,25.2,24.34,21.11,10.95,24.18,11.93,17.9,49.0,15.2,10.73,22.6,8.23,9.7,57.2,11.79,18.15,33.88,36.72,25.1,13.4,20.65,27.37,10.14,14.86,84.55,12.23,7.39,7.15,37.13,22.35,22.54,22.02,20.49,6.51,7.3,17.2,38.19,6.59,36.5
2019-06-05,11.35,6.18,6.33,5.44,7.18,20.23,12.04,33.92,12.21,6.17,24.47,22.3,58.89,38.01,29.26,870.0,37.83,15.68,10.5,12.49,30.0,23.25,18.78,8.72,13.05,17.78,9.39,15.94,11.41,3.75,77.46,8.7,6.04,49.54,6.39,5.74,33.83,26.0,5.63,18.93,7.91,10.89,3.9,7.09,74.41,7.08,3.7,5.03,76.92,3.9,15.32,69.48,1.69,6.59,7.54,6.51,4.0,3.91,39.18,12.45,12.2,6.09,26.95,7.1,9.07,12.43,5.97,22.49,8.62,3.66,8.95,10.53,2.98,2.25,11.9,22.35,4.22,10.44,37.22,16.43,15.93,14.41,4.63,14.46,11.44,8.68,17.13,3.91,102.46,14.38,21.99,,8.28,28.33,16.58,9.01,16.01,32.19,29.33,59.6,5.58,22.28,6.64,9.97,21.2,14.38,8.97,5.2,5.15,5.29,8.58,20.45,27.8,2.5,53.01,4.92,13.46,7.82,22.52,17.51,7.2,8.11,10.14,14.71,12.76,15.45,8.39,8.22,22.82,4.15,43.31,10.31,5.99,37.05,9.25,5.83,11.63,3.15,8.65,10.53,7.8,20.36,6.2,9.94,9.2,3.84,17.5,2.97,8.66,4.87,5.24,10.18,9.33,12.14,8.42,22.92,8.73,10.1,4.66,3.29,7.14,4.76,9.89,5.37,3.62,12.69,5.82,38.2,31.86,112.7,46.82,99.07,26.81,116.5,23.53,74.3,11.92,26.63,30.66,6.81,3.17,5.28,4.71,49.25,11.3,7.3,4.87,3.84,40.08,4.15,74.35,11.0,67.58,101.16,6.29,6.27,3.24,2.36,50.99,6.21,291.16,5.98,12.81,2.99,3.37,9.17,14.99,12.75,7.1,17.94,98.88,19.61,23.99,5.06,26.45,8.78,27.28,21.31,18.74,39.39,33.29,7.41,10.74,5.41,68.43,12.97,10.05,7.06,9.5,37.33,22.0,9.33,31.39,30.95,11.08,28.89,12.32,7.84,6.6,18.9,21.6,111.1,5.61,29.91,28.81,28.07,24.12,26.47,8.05,23.55,26.55,24.02,21.59,11.1,24.12,11.86,18.0,48.6,15.25,17.44,23.95,8.64,9.66,61.69,11.87,18.46,45.63,37.71,25.29,13.44,21.46,27.38,10.37,15.21,86.02,12.54,7.35,7.41,36.01,22.34,23.28,21.85,20.58,6.71,7.46,18.11,39.4,6.79,37.85
2019-06-04,11.26,6.14,6.3,5.4,7.15,19.97,11.65,33.76,12.06,6.09,24.19,23.78,61.5,37.46,28.9,871.0,38.1,15.7,10.18,12.24,30.1,23.0,18.55,8.67,12.98,17.61,9.34,15.76,11.32,3.72,77.86,8.77,5.99,49.52,6.35,5.68,33.95,25.71,5.56,18.64,7.86,10.81,3.86,7.08,75.1,6.99,3.68,5.01,77.49,3.88,15.33,68.64,1.68,6.56,7.49,7.13,3.99,3.86,39.26,12.2,11.86,6.06,28.12,7.07,8.95,12.18,5.94,22.27,8.55,3.68,8.91,10.37,2.94,2.25,12.27,22.02,4.22,10.35,37.76,16.35,16.23,14.21,4.59,14.5,11.3,8.58,16.88,3.89,103.8,14.51,21.84,,8.32,27.88,16.46,8.9,17.63,32.43,31.3,58.37,5.55,22.0,6.57,9.88,21.1,14.2,8.98,5.18,5.27,5.23,8.53,20.12,27.69,2.49,53.51,4.87,14.2,7.75,22.75,17.48,7.21,8.14,10.07,14.65,12.73,15.25,8.36,8.19,23.17,4.29,43.0,10.12,5.94,36.3,8.96,5.78,11.49,3.13,8.58,10.6,7.66,20.24,6.1,9.71,9.15,3.81,18.1,2.96,8.45,4.83,5.21,9.97,9.1,11.93,8.35,23.21,8.58,10.03,4.65,3.29,7.08,4.68,9.7,5.36,3.65,12.68,5.79,37.85,31.68,110.3,46.66,98.5,26.63,115.8,25.02,73.7,11.6,26.25,30.05,6.76,3.21,5.22,4.65,49.21,11.28,7.2,4.82,3.77,40.19,4.13,77.6,10.63,67.44,100.55,6.71,6.2,3.25,2.34,51.03,6.19,299.0,5.87,12.7,2.96,3.35,9.04,14.97,12.69,7.03,18.01,98.63,19.01,23.86,5.04,25.52,8.65,28.23,21.21,18.86,41.56,32.67,7.35,10.66,5.33,68.97,12.77,9.98,7.01,9.38,37.25,22.07,9.18,31.15,31.1,11.06,28.6,12.31,7.79,6.68,18.5,21.89,110.7,5.56,30.0,28.9,27.71,24.5,29.16,8.03,23.4,26.5,23.68,21.31,11.05,24.23,11.79,17.69,47.7,15.02,17.26,24.26,8.84,9.5,62.22,11.64,18.37,47.6,37.53,24.74,12.81,22.22,36.88,10.31,15.14,83.8,12.45,7.27,7.35,39.85,21.95,22.81,24.21,20.15,6.66,7.49,18.22,39.66,6.75,38.25
2019-06-03,11.13,6.11,6.31,5.41,7.23,20.08,11.9,33.88,12.1,5.91,24.04,24.55,62.26,37.86,29.31,886.28,39.2,15.87,10.52,12.15,30.08,23.1,18.32,8.55,13.2,17.5,9.39,15.96,11.26,3.68,78.69,9.01,5.96,51.2,6.4,5.62,34.31,25.89,5.58,18.64,7.88,10.83,3.84,7.12,75.89,6.97,3.67,5.09,77.67,3.97,15.51,69.56,1.73,6.47,7.48,7.37,4.01,3.88,40.0,12.26,12.1,6.13,29.16,7.09,9.06,12.64,6.01,23.04,8.6,3.7,8.98,10.29,2.94,2.27,13.04,22.34,4.28,10.47,38.15,16.34,16.43,14.49,4.64,14.7,11.44,8.68,17.16,3.95,107.32,14.8,22.21,,8.22,26.37,17.2,8.68,17.94,31.73,32.01,61.59,5.67,22.45,6.61,9.99,21.53,14.2,8.95,5.16,5.4,5.36,8.58,20.16,28.65,2.5,55.53,5.02,14.4,7.81,22.9,17.51,7.21,8.15,10.17,14.75,12.77,15.33,8.31,8.2,23.11,4.45,43.69,10.3,5.92,36.96,9.3,5.76,11.56,3.22,8.56,10.73,7.88,20.7,6.11,9.92,9.22,3.89,18.28,2.98,8.26,4.88,5.23,10.14,9.2,12.41,8.3,23.35,8.8,10.16,4.69,3.27,7.17,4.76,9.76,5.44,3.67,12.72,5.78,38.1,31.8,111.03,47.89,99.51,27.0,114.02,25.1,75.0,11.82,26.28,28.96,6.76,3.28,5.24,4.7,49.75,11.46,7.17,4.91,3.8,40.4,4.22,77.78,10.57,69.13,104.69,6.87,6.27,3.24,2.38,51.9,6.29,310.85,6.03,13.01,2.98,3.41,9.03,15.33,12.91,7.13,19.15,100.06,19.7,24.45,5.08,28.16,8.86,29.07,21.45,19.29,42.09,32.7,7.31,10.65,5.4,70.0,12.92,9.96,7.03,9.59,38.6,22.68,9.2,32.84,31.53,11.14,28.93,12.47,7.78,6.74,18.88,22.11,113.07,5.69,30.38,29.8,27.55,24.84,29.63,8.14,23.94,27.05,24.04,20.84,11.07,25.16,11.66,18.04,48.04,15.3,17.12,24.35,8.84,9.78,63.04,11.73,18.39,47.9,37.52,24.7,13.15,22.21,37.12,10.17,15.27,84.99,12.61,7.31,7.44,40.11,22.25,22.1,23.8,21.05,6.85,7.55,18.54,39.61,6.81,38.8
2019-05-31,11.05,6.11,6.3,5.42,7.12,20.12,11.9,34.01,12.1,5.89,23.74,24.64,62.16,37.8,29.51,890.0,39.37,15.68,10.66,12.08,29.76,23.0,18.38,8.43,13.41,17.56,9.39,16.07,11.25,3.67,79.0,8.9,5.94,51.45,6.42,5.6,34.36,26.11,5.58,18.56,7.91,10.9,3.83,7.15,75.52,6.96,3.86,5.11,78.86,4.03,15.46,69.0,1.69,6.37,7.48,7.31,3.98,3.82,40.96,12.26,12.5,6.19,29.16,7.14,9.13,12.68,5.97,23.1,8.7,3.68,9.21,10.66,2.99,2.29,12.87,22.93,4.36,10.58,38.69,16.98,16.52,14.66,4.66,14.8,11.4,8.65,18.22,3.99,105.9,15.06,22.3,15.56,7.96,26.34,17.83,8.83,18.3,30.4,33.67,62.21,5.74,22.69,6.69,10.08,21.64,14.35,8.96,5.21,5.44,5.41,8.78,20.0,28.81,2.5,55.71,5.15,14.52,7.75,23.21,17.59,7.26,8.17,10.25,15.05,12.77,15.44,8.35,8.21,23.5,4.43,43.7,10.26,6.05,35.92,9.16,5.8,11.63,3.25,8.68,10.76,7.83,21.06,6.17,9.8,9.26,4.01,18.35,3.0,8.05,4.92,5.28,11.05,9.52,12.41,8.46,23.22,8.79,10.09,4.75,3.22,7.16,4.77,9.73,5.5,3.63,12.85,5.77,38.0,32.31,112.0,48.07,98.32,28.35,110.32,25.56,76.61,12.11,26.7,28.29,6.8,3.29,5.24,4.72,48.95,11.67,7.31,4.99,3.86,40.71,4.27,77.69,10.81,69.85,106.0,6.93,6.35,3.29,2.39,52.17,6.34,300.02,6.11,13.0,2.97,3.42,9.18,15.43,12.97,7.14,19.05,101.03,19.0,24.75,5.07,27.65,8.57,29.23,21.48,19.4,41.7,32.19,7.36,10.82,5.52,69.4,13.31,10.0,7.13,9.65,38.19,23.05,9.38,32.06,32.75,11.22,28.95,12.49,7.88,7.09,19.15,22.22,113.53,5.07,30.8,29.83,28.35,24.77,29.03,8.11,24.46,27.7,24.21,20.9,11.33,25.31,12.4,18.0,47.87,15.45,17.24,24.69,8.94,9.79,58.8,11.89,18.82,48.33,40.63,23.98,12.97,22.88,37.61,10.47,15.42,84.46,12.65,7.36,7.67,40.03,22.25,22.2,23.6,21.27,6.89,7.63,18.86,40.61,6.91,37.65
2019-05-30,11.03,6.1,6.9,5.41,7.08,20.06,12.16,33.86,12.04,5.86,23.73,24.71,60.82,37.77,29.12,891.22,39.11,15.65,10.7,12.08,29.8,23.21,18.39,8.34,13.36,17.48,9.33,16.16,11.27,3.67,78.59,8.8,5.94,52.2,6.38,5.62,34.51,26.1,5.55,18.53,7.88,10.86,3.84,7.14,75.3,6.95,3.84,5.08,78.51,3.92,15.27,68.0,1.68,6.3,7.46,7.27,3.84,3.75,40.52,12.25,12.51,6.18,29.18,7.09,9.11,12.44,5.93,22.81,8.65,3.68,9.17,10.66,3.14,2.27,12.78,22.8,4.33,10.5,38.65,16.69,17.44,14.55,4.65,14.76,11.41,8.71,18.35,3.97,104.92,14.75,22.18,15.32,7.86,26.21,17.63,8.8,18.38,29.76,33.12,61.85,5.64,22.54,6.66,10.02,21.63,14.31,8.85,5.15,5.38,5.41,8.61,19.9,28.73,2.49,55.5,5.11,14.3,7.53,23.27,17.21,7.23,8.15,10.23,15.0,12.95,15.24,8.35,8.18,22.98,4.33,43.18,10.23,6.03,35.55,9.03,5.81,11.73,3.24,8.73,10.74,7.64,20.93,6.1,9.86,9.22,3.98,18.37,2.99,8.41,4.9,5.24,10.99,9.25,12.19,8.43,23.12,8.77,10.07,4.74,3.17,7.14,4.75,9.72,5.52,3.59,12.75,5.76,38.06,32.18,110.51,45.91,96.82,26.93,108.5,25.21,76.0,12.11,26.73,27.95,6.79,3.27,5.21,4.69,48.5,11.55,7.27,4.98,3.87,40.48,4.28,77.48,10.88,71.06,106.0,7.01,6.43,3.24,2.38,52.63,6.22,296.97,6.06,12.76,2.97,3.4,9.18,15.35,12.98,7.12,19.22,101.99,18.26,24.85,5.05,27.07,8.36,29.85,21.42,19.73,40.95,31.86,7.35,10.81,5.32,68.68,13.32,10.05,7.11,9.8,38.67,23.07,9.32,31.64,32.57,10.95,28.7,12.33,7.91,7.12,19.16,22.02,114.58,4.99,30.8,29.82,27.82,24.51,28.58,8.27,23.73,27.23,23.5,20.46,11.28,25.35,12.33,17.82,48.25,15.51,17.36,24.7,8.81,9.72,58.28,11.84,18.99,48.0,40.14,23.55,12.77,22.85,36.83,10.5,15.38,84.3,12.63,7.27,7.56,39.92,21.96,22.07,23.72,21.27,6.89,7.53,18.9,41.07,6.93,38.08
2019-05-29,11.07,6.12,6.91,5.4,7.18,20.4,12.46,33.85,12.21,5.9,24.2,25.07,61.59,38.55,29.52,888.01,39.26,16.0,10.91,12.23,29.72,23.41,18.4,8.42,13.25,17.68,9.47,16.37,11.37,3.67,77.18,8.33,5.96,50.12,6.44,5.62,32.98,25.31,5.55,19.01,7.94,11.01,3.87,7.15,76.15,6.95,3.82,5.1,78.7,3.91,15.5,68.16,1.7,6.24,7.5,7.47,3.77,3.79,40.96,12.41,12.61,6.22,29.35,7.13,9.24,12.82,6.05,23.07,8.67,3.72,9.36,10.71,3.18,2.27,12.55,22.91,4.39,10.6,39.3,16.75,17.92,14.78,4.67,15.04,11.53,8.7,19.21,4.01,105.3,15.1,22.49,15.6,7.85,26.7,17.6,8.96,18.65,29.56,33.25,63.41,5.6,23.4,6.77,10.14,21.59,17.51,8.8,5.15,5.65,5.47,8.78,19.82,28.65,2.5,56.09,5.27,14.1,7.53,23.58,16.96,7.28,8.21,10.47,14.92,13.12,15.52,8.34,8.24,23.45,4.49,42.71,10.48,6.1,35.83,9.03,5.85,11.93,3.31,8.83,10.8,7.65,21.34,6.2,10.05,9.25,4.03,18.67,3.01,8.55,4.96,5.29,11.17,9.21,12.31,8.53,23.36,8.89,10.36,4.76,3.2,7.36,4.81,9.88,5.61,3.57,12.84,5.78,39.6,32.71,111.69,45.9,95.78,26.85,108.8,25.5,82.66,12.26,27.01,28.81,6.93,3.31,5.26,4.72,49.85,11.71,7.5,5.11,3.89,40.66,4.39,72.11,10.43,72.5,107.0,7.04,6.24,3.21,2.4,53.7,6.3,296.23,6.17,13.21,2.98,3.42,9.2,15.6,13.1,7.21,19.14,101.6,17.93,25.09,5.09,27.59,8.41,30.04,21.65,19.23,41.51,32.42,7.49,11.04,5.32,69.01,13.3,10.19,7.28,9.99,36.1,23.08,9.45,31.87,32.85,10.96,29.2,12.53,8.01,7.1,19.9,22.28,115.33,5.33,30.81,30.11,28.4,24.88,28.36,8.3,23.91,27.33,23.51,20.92,11.5,26.03,12.45,18.37,49.27,15.89,17.35,24.7,9.08,9.85,58.79,12.05,18.77,47.83,41.6,24.15,13.07,23.7,36.66,10.84,15.6,87.8,12.88,7.41,7.71,40.7,22.4,22.6,24.48,21.52,6.82,7.59,18.58,42.0,7.13,37.26
2019-05-28,11.02,6.11,6.78,5.39,7.19,20.46,12.31,33.62,12.11,5.85,23.46,25.06,61.11,38.2,29.13,875.02,38.92,16.01,10.65,12.2,29.8,23.36,18.39,8.46,13.17,17.83,9.42,16.43,11.4,3.69,77.21,8.33,5.97,50.08,6.48,5.62,32.97,25.42,5.53,19.02,7.86,11.01,3.86,7.15,75.6,6.97,3.81,5.06,78.47,3.89,15.85,68.0,1.66,6.21,7.47,7.4,3.77,3.78,41.1,12.32,12.76,6.22,29.5,7.14,9.21,12.12,6.03,23.15,8.65,3.74,9.42,10.62,3.17,2.28,12.37,23.02,4.36,10.77,39.61,16.74,18.13,14.57,4.69,15.03,11.59,8.51,19.16,4.01,105.29,15.09,22.19,15.68,7.83,26.81,17.56,8.98,18.61,29.5,33.23,63.31,5.6,23.27,6.76,10.12,22.42,17.08,8.75,5.12,5.66,5.47,8.91,19.64,29.05,2.5,56.0,5.3,13.96,7.53,23.49,16.87,7.27,8.22,10.45,14.9,13.11,15.36,8.23,8.22,23.4,4.71,42.3,10.41,6.08,35.23,8.82,5.85,11.93,3.28,8.89,10.54,7.56,21.39,6.19,10.11,9.28,3.99,18.63,3.01,7.9,4.92,5.26,11.12,9.22,12.46,8.45,23.38,8.91,10.38,4.76,3.19,7.46,4.8,9.92,5.62,3.54,12.85,5.78,39.93,32.71,112.8,46.2,93.97,26.78,108.7,25.55,83.45,12.26,26.84,28.95,6.91,3.32,5.26,4.69,49.77,11.72,7.54,5.06,3.9,40.84,4.38,,10.65,71.45,107.0,6.81,6.19,3.22,2.39,53.8,6.39,295.36,6.29,12.91,2.98,3.44,9.21,15.54,13.18,7.2,19.08,101.3,17.6,25.05,5.06,27.56,8.45,30.36,21.72,19.13,42.06,32.63,7.45,10.91,5.23,68.56,13.66,10.15,7.33,9.96,38.2,22.76,9.48,31.37,32.82,11.07,29.32,12.59,8.02,7.33,19.84,22.18,114.52,5.37,30.51,29.81,28.35,24.8,28.33,8.05,23.76,27.34,22.84,20.44,11.47,25.91,12.44,18.36,48.71,15.96,17.6,24.8,9.17,9.81,59.03,12.01,18.88,48.0,41.96,23.55,13.08,23.5,35.8,10.81,15.66,87.16,12.83,7.45,7.7,40.27,22.29,22.7,24.65,21.62,6.85,7.64,18.27,42.25,7.05,36.7
2019-05-27,10.96,6.05,6.67,5.38,7.06,19.92,11.97,32.8,12.32,5.73,22.69,24.63,59.0,36.98,28.39,860.05,38.1,15.82,9.68,11.98,29.28,22.08,18.19,8.26,12.9,17.58,9.29,16.17,11.24,3.66,75.35,8.13,5.94,48.72,6.42,5.62,32.33,24.8,5.48,18.54,7.76,10.89,3.82,7.14,73.37,6.92,3.78,4.97,78.5,3.88,15.78,66.56,1.62,6.14,7.4,7.22,3.73,3.7,40.12,12.03,12.51,6.16,28.98,7.05,9.0,12.08,5.92,21.85,8.51,3.68,9.39,10.55,3.11,2.25,12.04,22.35,4.24,10.45,38.61,16.41,17.71,14.34,4.57,14.58,11.38,8.33,18.66,3.94,103.2,14.66,21.56,15.41,7.81,26.22,17.3,8.79,18.52,29.38,32.6,61.3,5.56,22.3,6.6,9.96,22.25,16.72,8.71,5.09,5.59,5.35,8.68,19.08,28.28,2.46,54.95,5.25,13.41,7.55,23.12,16.85,7.2,8.13,10.38,14.53,13.07,15.1,8.17,8.17,23.51,4.66,41.3,10.1,6.01,34.56,8.07,5.8,11.61,3.25,8.96,10.29,7.37,20.88,6.07,9.38,9.12,3.91,18.3,2.98,7.76,4.91,5.18,10.76,9.12,11.93,8.37,22.9,8.73,10.11,4.74,3.18,7.36,4.66,9.73,5.61,3.48,12.66,5.78,38.51,31.68,109.5,45.2,92.28,26.5,107.12,25.31,81.0,11.93,26.3,28.02,6.76,3.26,5.26,4.59,48.88,11.77,7.46,4.94,3.82,40.6,4.27,,10.53,69.88,106.0,6.61,6.1,3.17,2.37,52.98,6.35,292.39,6.15,12.72,2.94,3.37,9.01,15.39,12.96,7.06,18.66,98.5,16.56,24.65,4.98,26.61,8.2,29.74,21.37,18.55,41.31,31.8,7.25,10.73,5.1,67.26,13.65,9.93,7.17,9.79,38.02,21.86,9.23,29.87,32.04,10.6,28.79,12.14,7.92,7.2,19.3,21.79,113.2,5.33,30.12,29.7,27.51,24.01,27.98,7.84,23.09,27.01,22.47,19.89,11.38,25.35,12.29,18.15,47.3,15.53,17.91,24.59,8.92,9.58,54.55,11.63,18.49,47.23,41.09,22.35,12.71,23.26,34.81,10.51,15.35,82.32,12.53,7.36,7.63,39.37,22.28,22.15,23.9,21.21,6.7,7.31,17.9,42.28,6.92,34.03
2019-05-24,11.0,6.08,6.62,5.38,7.1,19.98,11.87,33.39,12.54,5.71,22.91,25.03,59.65,39.7,28.6,864.44,38.67,15.95,9.61,12.0,29.69,22.0,18.2,8.26,12.9,18.11,9.33,16.22,11.24,3.67,75.8,8.05,5.97,49.36,6.42,5.64,32.75,25.2,5.47,18.47,7.77,10.86,3.85,7.13,75.0,6.96,3.76,4.97,79.0,3.87,16.01,67.82,1.66,6.08,7.46,7.22,3.74,3.67,40.55,12.05,12.44,6.18,29.4,7.05,8.98,11.95,5.94,21.92,8.56,3.7,9.32,10.58,3.14,2.25,12.1,22.31,4.2,10.32,39.26,16.14,17.66,14.26,4.54,14.61,11.52,8.42,18.76,3.92,104.2,14.15,21.62,15.48,7.82,26.22,17.2,8.79,18.6,29.5,32.4,61.63,5.41,22.35,6.68,9.94,22.23,16.6,8.67,5.05,5.67,5.35,8.58,19.2,28.28,2.46,54.8,5.09,13.44,7.52,23.15,16.91,7.25,8.19,10.39,14.51,13.06,15.03,8.16,8.38,23.47,4.65,41.52,10.14,5.98,35.82,7.82,5.83,11.54,3.25,9.02,10.4,7.39,20.8,6.08,9.6,9.1,3.92,18.39,2.99,7.9,4.86,5.16,10.76,9.0,11.66,8.39,23.03,8.72,10.08,4.74,3.19,7.31,4.75,9.9,5.61,3.46,12.68,5.78,38.46,31.52,107.44,45.06,91.56,26.16,107.01,25.11,81.0,12.31,26.61,28.0,6.81,3.26,5.18,4.59,49.01,11.18,7.49,4.93,3.84,39.97,4.26,,10.23,70.1,105.88,6.72,6.1,3.18,2.37,53.05,6.26,294.58,6.16,12.61,2.94,3.36,9.03,15.33,13.08,7.03,18.87,99.8,15.71,24.61,4.97,37.22,8.26,32.85,21.25,18.52,41.01,32.44,7.23,10.61,5.16,69.13,13.71,9.91,7.15,9.83,38.23,22.5,9.38,29.61,32.5,10.25,28.61,12.1,7.73,7.08,19.72,21.82,113.03,5.34,30.09,29.9,27.57,24.01,28.09,7.75,23.1,26.9,22.54,19.95,11.18,26.92,12.22,18.2,47.0,15.52,18.01,24.44,8.75,9.6,52.7,11.63,18.5,47.22,41.18,22.1,12.51,23.22,35.03,10.34,15.38,81.88,12.5,7.35,7.62,39.5,22.75,22.18,23.66,20.97,6.72,7.25,18.02,41.34,6.9,32.7
2019-05-23,10.95,6.06,6.59,5.41,7.0,19.87,11.82,32.95,12.4,5.82,23.21,25.2,59.58,39.8,28.65,856.22,38.76,15.78,9.89,12.01,29.58,21.53,18.1,8.23,12.98,17.92,9.33,16.19,11.22,3.65,75.05,8.04,5.94,48.76,6.42,5.62,32.71,25.01,5.39,18.26,7.79,10.76,3.86,7.12,74.65,6.92,3.74,5.02,78.98,3.91,16.26,68.61,1.67,6.05,7.48,7.16,3.73,3.67,41.23,11.98,12.8,6.13,29.43,7.06,9.0,12.55,5.88,23.16,8.52,3.76,9.56,10.55,3.21,2.25,12.1,22.9,4.21,10.55,39.6,16.23,17.49,14.31,4.54,14.8,11.55,8.54,18.61,3.94,103.8,14.5,21.9,15.61,7.74,26.4,17.52,8.88,18.68,29.08,32.6,61.66,5.42,22.67,6.65,10.0,22.15,16.43,8.68,5.02,5.62,5.32,8.52,19.17,28.7,2.46,54.77,4.94,13.57,7.52,23.4,16.8,7.25,8.16,10.46,14.51,12.94,14.74,8.16,8.27,23.78,4.74,41.62,10.07,6.0,36.2,7.65,5.79,11.54,3.27,9.04,10.8,7.43,21.38,6.03,9.9,9.1,3.96,18.31,2.99,7.86,4.86,5.2,10.76,9.09,12.02,8.39,23.01,8.69,10.01,4.73,3.18,7.1,4.75,9.95,5.62,3.48,12.63,5.76,39.8,31.7,107.6,46.08,91.5,26.31,106.4,25.2,83.51,12.14,26.66,28.13,6.78,3.26,5.14,4.57,49.4,11.07,7.47,5.01,3.84,40.18,4.29,,10.46,69.98,106.49,6.72,6.13,3.23,2.39,52.88,6.15,299.76,6.32,12.58,2.96,3.38,8.95,15.85,13.03,7.01,19.31,99.33,16.81,24.55,4.96,38.67,8.48,33.76,21.06,18.76,42.13,32.08,7.24,10.79,5.29,69.07,13.87,10.19,7.25,9.87,38.67,22.58,9.34,30.11,33.39,10.31,28.88,12.13,7.83,7.14,19.72,21.92,112.17,5.36,30.67,29.9,27.83,24.5,28.5,8.03,23.17,27.0,22.39,19.56,11.41,26.77,12.66,18.2,47.47,15.5,17.42,24.74,8.83,9.58,55.48,11.66,18.24,48.3,41.5,22.35,11.71,23.38,35.21,10.21,15.41,81.5,12.35,7.38,7.65,39.48,21.5,22.05,23.61,21.01,6.8,7.46,17.97,40.62,6.82,34.35
2019-05-22,11.12,6.1,6.64,5.44,7.09,20.0,11.87,33.3,12.67,5.93,24.41,25.45,60.1,40.17,29.62,880.0,39.0,15.98,9.89,12.05,29.8,21.71,18.32,8.28,13.31,18.11,9.52,16.23,11.38,3.66,77.2,8.1,5.96,49.6,6.47,5.59,33.01,25.3,5.45,18.32,7.92,10.9,3.89,7.18,75.8,6.95,3.79,5.05,80.87,3.97,16.13,68.7,1.71,6.16,7.51,7.2,3.78,3.71,41.82,12.05,12.79,6.2,29.71,7.14,8.99,12.66,5.85,22.81,8.61,3.84,9.54,10.58,3.23,2.27,12.15,23.05,4.39,10.86,40.86,16.37,17.75,14.56,4.58,15.03,11.72,8.8,18.89,3.98,106.5,15.01,22.0,16.02,7.83,27.01,17.9,9.01,19.1,29.46,32.82,64.15,5.55,23.54,6.8,10.16,22.8,16.6,8.62,5.01,5.51,5.37,8.85,20.02,29.23,2.48,56.2,5.3,14.18,7.42,23.3,16.6,7.26,8.21,10.51,15.08,13.31,15.24,8.19,8.23,23.71,4.86,42.0,10.07,6.04,36.75,7.62,5.86,11.55,3.33,9.02,11.48,7.52,21.1,6.06,10.01,9.2,4.02,18.63,3.01,8.17,4.9,5.25,10.8,9.3,12.45,8.47,23.24,8.73,10.04,4.77,3.21,7.08,4.93,9.9,5.59,3.55,12.75,5.82,41.21,32.89,112.81,46.33,91.28,27.01,109.35,25.11,80.01,12.32,27.1,28.88,6.89,3.36,5.19,4.61,51.0,11.35,7.63,4.92,3.96,40.58,4.32,,10.71,72.5,108.9,7.08,6.17,3.3,2.42,54.7,6.32,299.02,6.47,12.58,2.98,3.44,8.92,16.02,13.11,7.1,19.56,101.0,17.23,25.01,5.03,38.92,8.35,34.8,21.0,19.15,43.01,33.0,7.44,10.87,5.48,67.7,14.44,10.27,7.27,10.0,38.89,22.9,9.48,30.55,33.55,10.48,30.88,12.3,8.08,7.28,20.31,22.63,115.17,5.52,30.9,30.2,28.1,24.84,28.86,8.17,23.9,27.9,22.69,20.94,11.86,27.41,12.9,17.5,48.6,15.82,17.12,25.46,9.32,9.61,57.63,11.77,18.72,47.01,42.02,22.91,11.81,24.12,35.95,10.47,15.52,82.5,12.45,7.45,7.9,41.38,22.84,22.87,23.83,21.17,6.9,7.63,18.81,41.6,6.92,34.7
2019-05-21,11.31,6.11,6.72,5.42,7.03,19.82,11.58,33.14,12.56,5.84,24.77,25.21,60.26,38.98,29.99,872.02,38.37,15.68,9.5,12.09,30.05,21.52,18.25,8.3,13.13,18.23,9.79,16.38,11.39,3.64,77.68,8.01,5.97,49.0,6.53,5.6,32.59,25.36,5.53,17.93,7.99,11.1,3.88,7.2,76.1,6.95,3.78,5.05,78.54,3.91,15.78,69.08,1.66,6.15,7.48,7.18,3.75,3.71,41.5,12.02,12.85,6.18,29.59,7.12,9.0,11.28,5.8,22.52,8.65,3.82,9.28,10.47,3.23,2.29,12.13,22.6,4.23,10.82,42.01,16.41,17.61,14.24,4.57,14.75,11.4,8.85,18.71,3.96,106.06,14.96,22.0,15.39,7.8,26.41,18.05,8.89,18.5,29.33,32.5,62.2,5.49,22.8,6.84,10.13,22.68,16.5,8.53,4.96,5.36,5.29,9.06,19.5,29.06,2.48,56.39,5.44,14.03,7.25,23.2,16.41,7.13,8.17,10.29,14.95,13.49,15.44,8.16,7.99,23.65,4.62,41.01,10.15,5.88,36.2,7.72,5.89,11.58,3.31,8.83,11.52,7.56,20.48,6.02,10.16,9.18,3.98,18.37,3.0,8.2,4.9,5.21,10.75,9.18,12.45,8.41,23.1,8.79,10.12,4.75,3.17,7.02,5.03,9.79,5.52,3.54,12.7,5.81,39.6,33.2,109.5,45.65,91.62,26.4,106.05,24.31,78.0,12.36,27.2,27.65,6.85,3.37,5.09,4.62,,11.15,7.6,4.77,3.99,40.33,4.35,,10.52,72.6,109.12,7.2,6.13,3.23,2.36,53.82,6.29,294.0,6.48,12.87,2.95,3.36,8.72,15.97,13.14,7.2,19.19,101.9,16.78,24.71,4.97,38.1,8.22,35.15,21.27,19.01,42.62,32.36,7.36,10.94,5.46,66.65,14.08,10.15,7.13,9.94,37.84,22.08,9.32,29.88,32.51,10.42,30.2,13.04,8.02,7.24,20.0,22.37,114.15,5.49,30.67,30.3,27.52,26.79,28.33,7.79,23.74,27.61,22.25,20.3,11.73,26.68,12.8,17.71,48.7,15.42,17.2,24.75,9.23,9.58,56.18,11.7,18.9,45.26,42.03,23.15,11.83,24.31,35.9,10.28,15.48,82.13,15.02,7.57,7.88,42.58,22.92,21.92,22.99,21.05,6.85,7.55,18.51,40.87,6.75,34.04
2019-05-20,11.25,6.09,6.71,5.36,6.91,19.5,11.43,32.82,12.45,5.79,24.68,24.92,59.66,38.0,29.71,871.0,38.15,15.52,8.97,11.96,29.7,20.65,18.13,8.15,12.78,18.06,9.75,16.18,11.33,3.6,77.19,7.84,5.94,48.71,6.5,5.55,32.39,24.98,5.51,17.67,7.95,11.03,3.86,7.17,74.5,6.92,3.71,4.98,77.81,3.82,15.37,68.51,1.6,6.05,7.46,6.92,3.73,3.67,41.0,11.86,12.67,6.13,29.33,7.03,8.77,10.38,5.76,22.82,8.56,3.79,9.19,10.39,3.19,2.23,12.05,22.62,4.14,10.73,41.58,16.41,17.34,13.8,4.47,14.66,11.34,8.68,18.5,3.92,105.41,14.39,21.41,14.6,7.73,25.78,17.07,8.75,18.37,29.49,32.21,61.83,5.4,22.9,6.78,9.99,22.57,16.27,8.49,4.9,5.3,5.23,8.91,19.48,29.38,2.48,56.11,5.38,13.3,7.19,23.12,16.38,7.05,8.14,10.15,14.44,13.35,15.5,8.13,7.95,22.8,4.39,40.0,9.93,5.79,35.94,7.48,5.88,11.32,3.23,8.67,11.42,7.31,20.25,5.92,9.99,9.08,3.86,18.17,2.99,8.01,4.9,5.13,10.63,9.13,12.41,8.3,22.7,8.53,9.79,4.71,3.15,6.62,4.96,9.64,5.5,3.5,12.59,5.77,40.28,32.01,113.72,45.16,91.51,25.33,102.88,23.31,79.51,12.25,26.91,26.5,6.97,3.36,5.07,4.54,,10.86,7.53,4.58,3.91,39.89,4.31,,10.42,71.3,108.0,7.16,6.09,3.19,2.31,52.82,6.14,293.9,6.43,12.63,2.93,3.31,8.53,15.65,13.05,7.1,18.51,101.6,15.89,24.42,4.96,37.6,8.06,34.88,20.91,19.18,42.03,31.52,7.19,10.8,5.36,66.83,13.68,10.11,7.08,9.64,36.37,21.75,9.21,29.67,32.11,10.31,29.5,12.68,7.75,7.35,19.67,22.3,114.44,5.26,29.8,29.89,27.59,26.67,27.66,7.63,22.51,27.0,21.7,19.35,11.39,26.22,12.65,17.2,48.5,15.12,16.71,24.55,9.06,9.37,55.03,11.61,18.4,44.22,41.21,21.0,11.43,24.23,35.53,10.05,15.26,77.94,14.62,7.36,7.45,41.58,22.88,21.06,22.65,20.84,6.61,7.41,18.32,40.4,6.58,33.36
2019-05-17,11.2,6.07,6.74,5.4,7.11,19.45,11.65,32.97,12.58,5.83,25.38,25.8,62.6,39.6,30.68,900.1,38.8,15.67,9.85,12.0,30.29,20.38,18.44,8.4,13.13,18.2,9.86,16.2,11.33,3.6,78.98,7.96,5.94,49.74,6.53,5.54,32.48,25.23,5.61,17.85,7.97,11.08,3.86,7.19,76.98,6.92,3.73,5.02,80.0,3.9,16.1,71.0,1.62,6.1,7.45,7.31,3.78,3.75,40.97,11.86,13.2,6.22,29.81,7.1,8.68,10.99,5.91,22.52,8.73,3.82,9.46,10.61,3.24,2.27,12.21,22.95,4.4,10.59,42.73,17.19,18.45,13.97,4.51,14.61,11.57,8.83,19.1,3.98,108.2,15.57,21.38,15.94,8.05,25.97,18.01,8.85,19.4,30.73,32.75,62.06,5.41,22.74,6.87,10.06,23.15,16.4,8.66,4.94,5.4,5.25,9.05,20.25,29.5,2.51,59.2,5.43,13.94,7.48,23.15,16.51,7.27,8.2,10.15,15.01,14.28,15.44,8.2,8.26,23.96,4.78,41.12,9.94,5.85,36.71,7.55,5.86,11.29,3.3,8.9,11.56,7.76,20.33,5.92,10.22,9.19,3.9,18.59,3.01,8.36,4.95,5.24,10.63,9.19,13.43,8.56,23.45,8.6,9.88,4.76,3.2,6.55,5.07,9.88,5.54,3.55,12.74,5.79,39.25,34.0,125.88,45.53,94.0,27.15,106.0,24.75,77.98,12.36,27.3,28.0,7.17,3.39,5.12,4.54,,11.25,7.68,4.93,4.0,40.36,4.37,,11.5,76.5,112.0,7.75,6.1,3.25,2.36,54.15,6.42,304.68,6.66,13.0,2.96,3.3,8.52,15.73,13.31,7.12,19.39,104.99,17.07,24.92,5.02,37.85,8.36,35.05,21.0,19.2,42.94,32.84,7.24,11.06,5.67,67.31,13.98,10.81,7.06,10.05,37.17,22.35,9.4,29.56,32.43,10.6,29.79,13.26,7.93,8.11,20.45,22.71,118.69,5.68,30.81,30.1,28.3,27.78,28.66,8.34,23.35,27.74,22.1,21.21,11.81,26.09,13.02,17.9,50.0,15.79,18.51,26.24,9.2,9.33,59.59,11.6,19.09,45.23,41.58,22.88,11.25,24.64,36.01,9.96,15.28,78.71,14.63,7.64,7.72,42.89,23.23,22.38,23.28,21.11,6.74,7.72,19.03,41.81,6.76,35.43
2019-05-16,11.22,6.12,6.77,5.38,7.3,20.09,12.04,33.41,12.86,5.97,25.72,26.0,63.72,40.4,30.06,905.0,39.22,16.13,10.2,12.45,30.85,21.85,18.52,8.8,13.72,18.38,9.96,16.81,11.52,3.59,80.0,8.1,5.97,51.57,6.65,5.53,33.1,25.8,5.67,18.44,8.06,11.34,3.88,7.19,77.25,6.96,3.71,5.16,80.36,3.93,15.9,69.7,1.6,6.43,7.55,7.48,3.83,3.84,41.52,12.46,13.5,6.31,29.76,7.23,9.26,10.3,6.15,23.06,8.84,3.92,9.7,10.8,3.38,2.3,12.65,23.35,4.53,11.08,43.45,17.39,19.4,14.11,4.73,15.03,11.88,8.81,18.72,4.11,108.8,15.88,22.27,15.64,8.21,26.7,17.93,9.01,20.16,31.25,34.33,64.51,5.48,23.08,7.07,10.43,23.31,16.97,8.62,4.99,5.48,5.41,9.91,20.93,30.22,2.54,58.0,5.71,14.21,7.57,23.43,16.34,7.39,8.33,10.42,15.66,14.41,16.04,8.17,8.34,24.69,4.84,41.2,10.45,6.08,37.65,8.09,5.9,12.04,3.41,8.92,11.82,7.93,21.06,6.19,10.67,9.55,3.91,18.87,3.05,8.67,5.05,5.41,11.22,9.39,13.4,8.76,23.56,9.09,10.37,4.83,3.24,6.66,5.26,9.84,5.65,3.62,12.99,5.86,39.6,34.4,129.66,46.07,93.56,27.75,108.47,24.7,78.81,12.78,27.82,29.0,7.39,3.51,5.11,4.76,,11.88,7.86,5.31,4.07,40.96,4.48,,10.47,77.1,114.82,7.95,6.32,3.33,2.37,55.5,6.54,306.67,6.76,13.39,2.98,3.39,8.99,15.43,13.86,7.55,19.56,107.8,17.4,25.85,5.05,37.61,8.55,35.55,21.16,20.0,43.5,34.41,7.58,11.42,5.66,67.01,14.22,10.95,7.28,10.27,37.35,22.45,9.78,29.38,42.81,11.11,29.7,14.0,8.49,7.98,20.26,23.15,119.0,5.92,31.49,30.8,28.15,28.26,29.0,8.13,23.89,28.2,22.3,22.1,12.01,27.27,13.71,18.18,51.2,15.8,18.66,26.7,9.45,9.92,60.8,12.05,19.89,43.8,44.9,23.72,12.22,25.34,35.79,10.49,15.63,83.76,15.4,8.14,8.34,40.82,23.66,23.45,23.43,21.57,7.0,8.04,19.46,42.68,7.05,36.4
2019-05-15,11.23,6.12,6.69,5.37,7.24,20.0,11.89,32.79,12.9,6.02,25.32,25.84,63.51,40.38,30.03,890.24,38.4,15.91,10.52,12.31,30.2,21.46,18.41,8.72,13.72,18.18,9.91,16.79,11.52,3.58,78.9,8.09,5.97,51.29,6.64,5.51,32.88,25.78,5.65,18.27,8.05,11.35,3.88,7.2,74.9,6.92,3.69,5.14,80.06,3.91,15.78,69.0,1.59,6.5,7.5,7.54,3.81,3.82,41.12,12.41,13.1,6.26,29.3,7.2,9.25,10.02,6.08,22.8,8.79,3.85,9.65,10.71,3.36,2.28,12.36,23.51,4.48,11.05,41.77,17.0,18.84,14.03,4.7,15.02,11.74,8.58,18.35,4.09,107.7,15.37,22.2,16.16,8.17,26.74,17.82,8.99,20.2,31.0,33.5,64.12,5.44,23.48,7.04,10.41,23.13,16.98,8.55,5.0,5.45,5.4,9.65,21.35,30.02,2.53,56.6,5.65,14.13,7.52,23.28,16.33,7.41,8.32,10.46,15.46,14.5,16.01,8.17,8.35,23.93,4.92,40.68,10.47,6.05,37.29,8.12,5.92,12.02,3.41,8.85,11.7,7.77,21.05,6.18,10.46,9.56,3.82,18.85,3.03,8.48,5.01,5.36,11.16,9.31,11.85,8.71,23.23,9.08,10.38,4.83,3.22,6.63,5.17,9.71,5.62,3.57,12.93,5.84,40.1,33.52,129.1,45.76,90.61,27.53,107.3,24.35,80.13,12.57,27.8,30.08,7.35,3.51,5.07,4.75,,11.83,7.77,5.69,4.04,40.81,4.42,78.11,10.26,71.8,109.19,7.79,6.26,3.31,2.35,54.2,6.48,301.34,6.67,13.15,2.97,3.39,8.98,15.36,13.83,7.56,19.42,103.16,17.92,25.31,5.03,37.9,8.33,34.51,20.96,19.95,42.39,34.51,7.46,11.3,5.66,64.78,14.06,10.76,7.3,10.21,36.1,22.06,9.57,29.1,42.12,10.93,29.48,13.9,8.55,7.86,20.08,22.91,114.01,5.94,30.05,30.8,28.1,28.58,28.75,8.07,23.62,28.06,21.8,22.71,11.95,27.09,13.9,18.23,50.33,15.39,18.65,25.96,9.45,9.93,59.65,11.82,19.76,43.9,44.53,24.16,12.33,24.84,35.2,10.65,15.63,84.02,15.53,8.11,8.34,40.13,23.39,24.03,23.33,21.29,6.97,8.03,19.51,41.09,7.11,35.55
2019-05-14,11.17,6.1,6.66,5.32,7.13,19.79,11.87,32.29,12.63,5.83,25.17,25.66,63.0,39.54,29.65,873.0,37.81,15.48,11.5,12.26,29.91,20.81,18.38,8.59,13.56,18.0,9.87,16.71,11.44,3.58,77.85,7.93,5.96,50.51,6.57,5.5,32.32,25.06,5.62,18.16,8.01,11.23,3.87,7.2,74.8,6.89,3.68,5.07,79.02,3.85,15.82,68.35,1.58,6.49,7.44,7.45,3.76,3.79,41.02,12.24,13.3,6.2,29.16,7.13,9.11,10.11,5.92,22.46,8.61,3.84,9.56,10.62,3.3,2.25,12.1,23.44,4.39,10.99,41.56,16.61,18.24,13.92,4.63,14.86,11.44,8.88,18.18,4.02,106.48,14.37,22.3,14.91,8.32,26.16,17.51,8.79,19.65,31.37,33.27,81.5,5.38,23.53,7.0,10.22,22.6,16.91,8.5,4.96,5.41,5.28,9.57,20.5,30.01,2.52,55.82,5.55,14.02,7.46,23.3,16.31,7.33,8.26,10.36,15.11,14.55,15.76,8.1,8.18,22.89,4.75,40.91,10.35,6.01,37.16,7.9,5.92,11.92,3.32,8.7,11.46,7.73,21.24,6.11,10.27,9.41,3.73,18.78,3.0,8.23,5.0,5.28,11.08,9.25,11.74,8.67,23.07,9.01,10.15,4.76,3.23,6.48,5.12,9.57,5.59,3.53,12.82,5.82,40.15,33.07,130.3,45.01,89.3,27.22,106.12,23.97,79.87,12.16,27.4,29.61,7.27,3.46,4.94,4.69,,11.73,7.7,5.57,3.97,40.55,4.32,78.3,10.11,69.5,106.7,7.72,6.25,3.23,2.34,53.02,6.4,293.13,6.61,13.06,2.94,3.35,8.89,15.22,13.76,7.53,19.33,101.0,16.97,24.75,4.99,37.5,8.27,34.28,20.5,19.26,41.8,34.71,7.23,11.07,5.64,63.67,14.0,10.74,7.25,10.12,35.41,21.48,9.47,28.88,42.21,10.53,29.38,13.64,8.44,7.76,20.02,22.65,110.9,5.86,29.41,30.5,27.59,27.29,29.0,8.02,23.41,27.88,20.55,22.42,11.96,26.35,13.82,17.98,50.1,14.93,18.63,25.96,9.07,9.71,58.65,11.83,19.61,43.01,44.26,24.2,12.25,24.8,34.9,10.55,15.39,83.8,15.41,8.08,8.2,39.61,23.54,23.22,23.26,21.05,6.88,7.98,19.13,41.08,6.85,35.1
2019-05-13,11.15,6.12,6.75,5.36,7.36,19.9,12.09,32.63,12.6,5.91,25.35,25.82,62.71,39.91,29.05,884.0,38.11,15.68,11.59,12.36,29.68,21.14,18.4,8.71,13.77,18.06,9.92,16.87,11.55,3.59,78.5,8.08,5.98,50.7,6.62,5.53,32.54,25.31,5.65,18.42,8.1,11.35,3.9,7.18,76.15,6.87,3.65,5.16,77.17,3.91,15.98,69.3,1.6,6.55,7.48,7.35,3.82,3.8,41.24,12.2,13.5,6.25,29.1,7.21,9.22,9.97,6.05,22.26,8.73,3.87,9.73,10.5,3.32,2.28,11.93,23.61,4.45,10.88,42.1,16.56,18.67,14.0,4.7,14.91,11.54,8.98,18.28,4.07,104.98,14.21,22.42,16.23,8.2,26.85,17.71,8.91,19.82,30.38,33.02,81.28,5.32,23.55,7.03,10.32,23.02,16.7,8.54,4.99,5.44,5.35,9.56,20.87,29.66,2.53,54.0,5.59,14.19,7.53,23.41,16.41,7.34,8.34,10.44,15.39,14.65,15.93,8.13,8.24,23.07,4.47,39.8,10.38,5.88,37.54,7.95,5.98,12.01,3.34,8.58,11.59,7.86,20.85,6.15,10.58,9.53,3.78,18.38,3.04,8.31,5.06,5.36,11.18,9.21,11.55,8.69,23.28,9.15,10.28,4.84,3.2,6.58,5.16,9.68,5.6,3.58,12.9,5.86,40.6,33.9,130.01,45.7,89.5,27.5,107.8,24.35,81.25,12.23,27.45,29.85,7.3,3.47,4.69,4.74,,11.82,7.84,5.66,4.05,40.8,4.38,77.85,10.25,68.18,105.26,7.83,6.28,3.28,2.36,53.22,6.51,293.63,6.63,13.05,2.96,3.4,8.99,15.36,13.94,7.77,19.02,97.0,16.82,24.75,5.04,37.85,8.4,34.92,20.47,18.77,41.76,35.68,7.3,11.17,5.72,66.6,14.12,10.56,7.44,10.14,35.25,21.7,9.5,29.11,42.25,10.62,29.64,13.71,8.55,7.86,19.91,22.83,111.22,5.95,29.51,30.62,27.18,27.0,28.1,8.79,23.35,27.99,20.45,22.65,12.08,26.72,14.03,18.04,50.5,14.94,18.95,25.94,9.45,9.85,59.68,11.95,19.95,43.02,45.4,24.36,12.14,24.39,34.39,10.33,15.66,83.93,15.35,8.21,8.31,39.82,23.33,23.68,23.55,20.83,6.97,8.08,19.12,40.04,6.81,35.35
2019-05-10,11.06,6.1,6.68,5.34,7.3,19.75,11.72,32.86,12.52,5.75,25.21,25.26,61.36,39.31,28.59,868.19,37.15,15.52,11.13,12.06,29.5,20.3,18.19,8.68,13.18,17.81,9.85,16.62,11.43,3.58,77.3,8.0,5.97,49.95,6.51,5.5,32.32,25.82,5.58,17.8,8.0,11.14,3.89,7.19,74.0,6.86,3.7,5.02,75.2,3.88,14.96,67.1,1.6,6.65,7.48,6.92,3.75,3.77,40.22,11.96,13.1,6.21,29.11,7.12,9.02,9.77,6.08,21.18,8.58,3.81,9.6,10.31,3.31,2.25,11.8,22.91,4.41,10.7,40.68,16.18,18.45,13.8,4.6,14.5,11.35,8.98,18.22,4.01,102.0,14.13,21.81,16.87,8.05,26.01,17.01,8.65,19.76,29.68,32.25,78.7,5.24,22.33,6.88,10.16,22.78,16.45,8.5,4.94,5.39,5.21,9.11,20.71,28.92,2.52,53.54,5.24,13.78,7.49,23.1,16.37,7.24,8.29,10.22,15.32,14.51,15.54,8.08,8.23,22.3,4.24,38.96,10.15,5.75,36.52,7.77,6.01,11.74,3.32,8.48,11.4,7.6,20.24,6.02,10.24,9.47,3.7,18.0,3.02,8.41,4.99,5.29,11.0,9.08,11.21,8.62,23.12,8.92,10.04,4.78,3.2,6.45,5.07,9.4,5.54,3.53,12.75,5.85,37.13,33.5,125.6,45.08,87.53,26.7,106.18,26.3,76.73,12.1,26.83,28.0,7.12,3.36,4.55,4.68,,11.3,7.75,5.37,4.03,39.97,4.25,78.01,10.11,67.88,102.5,7.69,6.2,3.2,2.34,51.76,6.28,284.0,6.47,13.3,2.95,3.33,8.71,15.11,13.88,7.75,18.5,93.61,16.22,24.27,5.03,36.3,8.02,34.81,20.12,18.12,40.59,35.93,7.12,11.13,5.64,64.32,14.01,10.41,7.2,10.0,35.1,21.12,9.33,28.24,40.7,10.56,28.51,13.65,8.32,7.6,19.28,22.48,110.58,5.8,29.3,30.35,26.31,28.07,27.68,9.77,22.44,27.2,20.21,23.54,12.12,25.81,13.55,18.0,49.7,14.69,18.9,26.55,9.2,9.7,59.73,11.7,19.52,44.1,44.75,24.0,11.89,23.9,33.55,9.9,15.29,80.66,15.12,8.11,8.25,39.25,23.1,23.23,22.53,20.72,6.88,7.8,19.02,39.11,6.53,35.12
2019-05-09,11.1,6.1,6.64,5.32,7.4,19.76,11.61,32.02,12.43,5.75,25.38,25.67,62.0,40.05,28.58,842.5,37.5,15.8,11.36,12.01,29.01,20.01,18.27,8.77,13.7,17.98,9.88,16.64,11.56,3.58,76.11,7.76,5.99,49.68,6.61,5.5,32.04,25.86,5.64,18.0,8.05,11.25,3.91,7.2,71.41,6.86,3.69,5.08,74.23,3.9,14.67,65.8,1.58,6.63,7.48,6.9,3.7,3.8,40.06,11.91,13.41,6.25,29.0,7.12,9.0,9.56,6.07,20.9,8.72,3.79,9.62,10.44,3.31,2.25,11.82,23.01,4.41,10.82,41.01,16.13,18.4,13.93,4.58,14.5,11.25,9.03,18.24,4.06,101.01,13.89,21.97,17.35,8.09,26.01,17.83,8.84,19.93,30.0,32.5,76.5,5.2,22.56,6.95,10.21,22.75,16.66,8.48,4.93,5.38,5.22,9.37,21.05,28.65,2.52,51.89,5.22,13.72,7.52,22.98,16.37,7.2,8.31,10.29,15.37,14.73,15.62,8.1,8.23,21.85,4.19,38.5,9.83,5.8,35.04,7.71,6.01,11.66,3.34,8.37,11.4,7.59,20.5,6.08,10.01,9.54,3.73,18.26,3.02,8.29,5.01,5.3,10.96,9.12,11.36,8.64,23.07,8.88,9.96,4.76,3.19,6.4,5.12,9.31,5.56,3.57,12.83,5.87,36.95,34.53,124.58,45.51,86.5,27.06,101.5,26.34,78.79,12.05,26.7,28.18,7.14,3.45,4.6,4.65,,11.35,7.66,5.62,4.03,39.7,4.26,78.5,10.19,65.8,103.8,7.64,6.19,3.28,2.34,50.52,6.38,280.12,6.5,13.24,2.95,3.37,8.68,14.85,13.83,7.35,17.89,90.02,14.56,24.73,5.01,37.08,7.99,34.9,20.36,18.23,40.23,36.24,7.22,11.36,5.69,62.0,13.9,13.88,7.29,10.05,35.0,21.02,9.4,27.6,41.2,10.61,29.05,13.88,8.45,7.69,19.02,22.77,108.6,5.78,28.35,30.39,26.21,28.83,27.45,10.86,23.18,27.6,20.46,22.91,12.12,25.58,13.7,18.15,50.67,14.8,18.88,27.0,9.18,9.53,57.5,11.65,19.9,44.55,44.04,25.66,11.61,24.39,33.48,9.97,15.31,78.28,14.8,8.13,8.25,39.3,23.0,23.23,23.07,21.06,6.91,7.96,18.8,37.5,6.89,34.46
2019-05-08,11.49,6.17,6.69,5.36,7.47,20.0,11.78,33.0,12.75,5.9,25.6,26.3,64.0,41.3,29.01,860.0,38.31,16.39,11.08,12.24,30.0,20.36,18.44,8.95,13.64,18.57,9.84,16.81,11.8,3.61,78.38,7.66,6.04,50.68,6.61,5.57,33.02,26.54,5.71,17.94,8.08,11.11,3.97,7.21,73.0,6.94,3.71,4.96,79.5,3.85,15.53,68.6,1.57,6.69,7.49,7.01,3.77,3.8,39.11,11.9,13.33,6.2,29.18,7.11,9.02,9.45,6.14,20.35,8.93,3.73,9.8,10.66,3.24,2.23,11.53,23.0,4.32,10.68,42.66,16.42,18.59,13.89,4.57,14.17,11.39,8.95,18.32,3.98,108.18,14.15,21.48,17.3,7.93,25.7,17.98,8.81,19.76,29.15,32.62,73.7,5.21,20.8,7.01,10.1,23.04,16.33,8.56,4.88,5.44,5.19,8.6,21.19,27.5,2.51,53.25,5.1,13.86,7.6,22.92,16.48,7.25,8.43,10.32,15.44,14.69,15.84,8.12,8.28,21.92,4.25,39.18,9.68,5.72,36.69,7.65,6.15,11.68,3.31,8.51,11.33,7.5,20.12,6.1,10.1,9.87,3.74,18.31,3.01,8.13,4.98,5.28,10.94,9.1,11.46,8.75,23.3,8.85,9.95,4.74,3.16,6.4,5.12,9.31,5.59,3.57,12.99,5.94,34.75,52.58,123.3,45.0,90.13,27.61,108.6,25.9,72.89,12.5,27.26,27.8,7.43,3.35,4.66,4.67,,11.51,7.71,5.58,3.98,40.18,4.27,81.9,9.92,69.07,107.78,7.67,6.25,3.28,2.3,51.7,6.6,289.0,6.5,13.2,2.96,3.28,8.71,14.61,13.81,7.21,18.06,93.02,14.54,25.9,5.0,35.88,8.11,36.08,20.66,17.58,40.06,37.1,7.08,11.43,5.76,66.12,14.67,13.89,7.04,10.05,35.51,21.76,9.46,26.92,40.85,10.56,28.5,13.85,8.79,7.49,19.36,22.5,111.38,5.62,29.68,30.94,26.06,29.63,27.53,,23.49,28.08,21.29,23.0,12.2,25.61,12.68,18.33,51.41,15.18,19.01,26.7,8.83,9.53,55.52,11.42,19.8,44.01,48.6,26.22,11.72,24.2,34.8,9.72,15.1,75.09,14.56,8.22,8.24,39.4,23.81,22.9,23.4,21.6,6.9,7.55,18.85,40.06,6.67,33.89
2019-05-07,11.6,6.21,6.8,5.42,7.5,20.12,11.66,33.36,12.83,5.94,25.88,26.57,64.52,42.25,29.25,870.22,38.54,16.37,11.29,12.23,30.0,19.58,18.69,8.96,13.9,18.97,9.93,16.83,11.97,3.64,79.89,7.65,6.1,50.95,6.66,5.63,33.47,27.2,5.8,17.87,8.14,11.1,4.0,7.25,74.88,7.07,3.75,5.03,80.0,3.9,14.75,67.51,1.59,6.65,7.54,6.97,3.87,3.81,39.46,12.04,13.42,6.25,29.2,7.18,9.1,9.46,6.12,20.56,9.03,3.7,9.92,10.8,3.25,2.28,11.78,23.03,4.4,10.97,43.11,16.55,18.52,13.96,4.56,14.35,11.39,8.8,18.54,4.02,109.1,13.81,21.77,17.41,7.63,25.91,17.79,8.95,19.96,28.43,32.86,73.0,5.28,21.63,7.11,10.23,23.45,16.28,8.55,4.93,5.49,5.19,8.72,21.9,27.85,2.53,52.1,5.19,13.96,7.7,23.15,16.73,7.24,8.57,10.32,15.61,14.75,15.89,8.19,8.26,22.26,4.34,39.4,9.78,5.75,37.38,7.45,6.19,11.66,3.34,8.62,11.4,7.56,20.64,6.11,9.94,9.93,3.81,18.5,3.03,8.23,4.99,5.34,10.99,9.15,11.49,8.85,23.62,8.72,9.82,4.81,3.15,6.41,5.12,9.33,5.59,3.61,13.03,6.02,35.13,51.15,118.48,45.05,85.88,27.62,112.0,25.89,73.66,12.72,27.38,27.41,7.41,3.39,4.7,4.64,49.9,11.41,7.72,5.69,4.0,40.14,4.22,82.38,10.21,70.2,108.16,7.79,6.27,3.31,2.31,52.05,6.58,291.02,6.38,13.75,2.99,3.32,8.69,14.69,13.97,7.22,18.35,93.3,15.41,26.06,5.03,35.2,8.37,34.03,20.5,17.54,39.93,36.58,7.08,11.5,5.84,65.99,14.65,14.38,7.11,10.07,36.01,21.58,9.6,27.74,39.84,10.71,28.8,14.21,9.17,7.59,19.12,22.51,110.0,5.85,29.56,31.37,25.85,29.75,27.28,,23.46,28.33,21.18,22.78,12.24,25.9,12.51,17.62,52.07,14.56,19.13,26.61,8.76,9.47,57.43,11.42,19.8,43.7,48.26,26.11,11.0,24.57,34.64,9.79,15.11,74.1,14.53,8.37,8.36,39.85,24.0,22.93,23.38,21.64,6.95,7.95,19.14,40.03,6.74,35.78
2019-05-06,11.54,6.16,6.76,5.42,7.63,20.74,11.17,32.88,12.68,6.0,25.77,26.4,63.02,40.75,28.76,893.0,37.56,15.86,11.75,12.58,29.55,21.02,18.7,9.14,13.88,18.76,9.85,17.0,12.02,3.62,79.66,7.73,6.02,51.98,6.61,5.56,33.51,27.27,5.76,18.36,8.11,11.09,4.0,7.15,74.0,7.06,3.75,5.1,79.68,3.8,14.3,65.65,1.55,6.53,7.61,7.26,3.82,3.78,39.02,12.5,12.9,6.22,28.66,7.08,9.24,9.4,6.16,20.75,9.06,3.66,9.87,10.5,3.19,2.3,11.99,23.25,4.46,11.12,42.51,16.4,18.63,13.91,4.72,14.25,11.19,8.5,18.41,3.96,105.81,13.45,21.48,18.07,7.71,26.36,18.88,9.13,19.73,28.8,32.81,74.75,5.24,28.41,7.03,10.22,23.25,16.35,8.55,4.91,5.48,5.2,8.74,21.2,27.63,2.51,51.69,5.05,14.22,7.65,22.7,16.58,7.16,8.5,10.14,16.24,14.81,15.78,8.12,8.2,21.19,4.82,38.81,10.13,5.64,36.7,7.65,6.13,11.93,3.28,8.47,11.24,7.79,20.61,6.07,10.12,9.9,3.77,18.11,2.99,8.14,4.94,5.32,11.2,9.08,11.44,8.84,23.89,9.02,10.4,4.72,3.15,6.31,5.18,9.29,5.52,3.55,12.96,6.01,36.43,49.0,114.38,45.6,86.0,26.6,112.02,28.72,74.68,12.71,26.7,28.94,7.29,3.35,4.58,4.63,49.0,11.15,7.61,5.58,3.96,41.18,4.16,80.9,10.03,70.09,106.2,7.7,6.23,3.22,2.28,51.2,6.85,288.11,6.2,13.96,2.97,3.27,8.82,14.5,14.01,7.1,18.01,92.12,16.3,25.65,5.03,35.12,8.08,33.8,19.91,17.31,38.99,35.5,7.34,11.58,5.72,62.42,14.46,14.55,7.11,9.95,36.0,21.22,9.56,28.03,39.0,10.5,29.08,14.87,9.59,7.59,18.71,22.22,108.5,5.92,28.83,31.25,25.2,30.18,27.16,,22.82,28.0,21.65,23.48,12.01,26.41,13.2,17.5,51.84,14.21,18.81,25.65,9.22,9.57,58.99,11.38,20.09,45.01,48.0,26.42,11.02,24.18,34.47,9.94,15.12,81.95,14.75,8.2,8.73,39.99,23.41,24.11,24.53,21.35,7.02,8.08,18.95,39.08,7.48,37.31
2019-04-30,11.7,6.34,7.15,5.61,8.14,22.91,12.07,33.85,13.21,6.63,26.63,28.4,64.64,44.91,30.7,963.11,39.48,16.57,12.94,13.86,30.58,22.8,19.4,9.75,15.2,19.72,10.77,18.76,12.34,3.72,84.53,8.45,6.21,56.62,6.99,5.74,35.56,29.77,6.09,20.2,8.55,12.23,4.13,7.37,77.14,7.33,3.85,5.51,87.25,4.12,14.3,69.51,1.67,6.52,7.97,7.89,4.07,4.09,42.0,13.51,13.79,6.73,30.8,7.68,10.12,10.2,6.47,22.55,9.51,3.68,10.8,11.23,3.45,2.47,13.16,25.09,4.84,12.2,43.58,16.41,19.93,15.23,5.19,15.03,11.95,8.91,19.51,4.2,111.55,13.87,23.0,19.7,7.77,29.0,20.98,10.02,21.73,28.45,35.58,81.79,5.58,31.1,7.28,11.25,24.9,17.65,8.81,5.09,5.65,5.6,9.46,22.79,30.48,2.64,55.03,,15.57,8.03,24.22,16.65,7.16,8.67,11.08,17.42,15.35,17.25,8.35,8.53,22.4,5.08,40.0,10.95,6.14,38.85,8.36,6.31,12.85,3.58,8.84,12.3,8.55,22.6,6.63,10.96,10.45,4.09,19.48,3.29,8.68,5.27,5.83,12.25,9.82,12.02,9.18,24.86,9.89,11.45,5.03,3.28,6.92,5.4,9.6,5.83,3.91,13.57,6.24,40.02,52.46,123.58,45.96,86.81,27.76,115.6,30.99,79.0,13.59,28.38,30.5,7.78,3.55,4.91,5.1,51.4,12.15,8.17,5.92,4.31,42.48,4.5,86.6,10.81,75.61,115.3,8.35,6.84,3.49,2.44,54.5,7.53,302.21,6.77,15.16,3.18,3.53,9.7,15.85,15.45,7.4,18.6,101.0,15.6,26.32,5.29,38.72,8.4,33.6,21.2,18.71,42.1,37.61,8.07,12.27,6.07,67.1,15.1,15.7,7.79,10.48,37.0,22.5,10.1,30.5,41.16,11.4,31.98,16.3,10.3,8.18,18.98,23.81,116.96,6.35,29.1,32.77,27.65,31.82,28.2,,23.8,28.13,22.22,25.86,12.59,28.88,12.61,18.9,55.25,15.41,19.18,27.38,10.01,10.49,61.01,12.15,21.29,49.95,45.88,29.2,12.08,26.15,36.36,10.79,16.42,87.91,16.25,8.61,9.46,42.2,25.17,26.66,26.05,22.29,7.7,8.43,19.68,41.06,8.03,39.2
2019-04-29,11.34,6.29,7.15,5.62,8.09,22.72,12.03,34.42,13.3,6.6,26.46,28.39,62.48,43.86,30.75,935.0,39.6,16.35,12.8,13.73,29.89,24.98,19.38,9.86,15.47,19.03,10.75,18.7,12.22,3.72,83.3,8.55,6.19,57.0,6.93,5.71,36.18,30.02,6.09,20.32,8.5,12.24,4.1,7.37,77.29,7.26,3.86,5.47,88.08,4.12,14.48,67.55,1.66,6.48,8.21,7.86,4.14,4.04,41.9,13.75,13.7,6.8,30.6,7.64,10.11,10.06,6.56,22.48,10.3,3.63,10.6,11.26,3.42,2.46,12.95,24.44,4.82,12.0,42.74,16.85,19.53,15.13,5.18,15.18,11.8,8.65,19.46,4.18,107.0,14.21,23.0,20.02,7.72,28.65,23.31,9.95,22.06,28.37,35.74,81.61,5.6,31.72,7.3,11.13,24.81,17.43,8.81,5.09,5.61,5.76,9.15,22.33,30.51,2.63,54.5,5.54,15.4,8.03,24.26,16.57,7.1,8.57,10.96,17.45,15.41,17.0,8.22,8.45,21.83,5.1,39.62,10.96,6.06,38.5,8.47,6.25,12.7,3.45,8.8,12.5,8.46,22.6,6.54,10.96,10.36,4.04,19.22,3.28,9.21,5.3,5.71,12.53,9.8,11.98,9.15,24.54,9.91,11.33,5.01,3.3,6.89,5.4,9.38,5.82,3.88,13.85,6.28,40.28,56.67,124.76,50.55,84.18,30.84,115.0,29.94,87.03,13.86,29.0,32.99,7.83,3.42,4.86,5.07,49.36,12.15,8.16,5.78,4.29,46.81,4.48,85.58,10.8,74.01,110.11,8.31,6.92,3.46,2.43,55.01,7.52,302.0,6.72,14.58,3.19,3.48,9.73,15.82,15.36,7.15,17.85,98.8,15.52,25.45,5.28,38.7,8.34,32.49,21.33,18.8,41.8,36.46,7.99,12.84,6.09,67.6,14.61,15.1,7.76,10.43,37.7,22.25,10.19,30.62,41.91,11.26,31.84,16.4,10.21,9.0,18.55,23.5,116.61,6.6,30.53,33.01,27.58,31.31,28.39,,24.01,30.05,22.9,25.82,12.56,28.6,12.42,18.47,55.45,15.31,18.92,26.68,10.25,10.4,61.56,12.15,21.3,54.82,45.41,28.7,12.0,26.21,35.9,11.47,16.59,92.55,16.49,8.35,9.38,44.82,25.74,26.0,25.75,22.24,7.64,8.27,19.48,40.82,8.0,39.3
2019-04-26,11.28,6.28,7.14,5.65,8.0,23.37,11.84,34.34,13.16,6.69,26.52,28.26,61.6,43.9,30.5,945.0,38.83,16.54,13.58,13.9,30.0,26.28,19.33,9.74,16.01,18.95,10.76,19.12,12.2,3.71,82.8,9.11,6.17,58.31,7.0,5.7,36.03,29.42,6.09,21.02,8.65,12.43,4.08,7.42,75.65,7.25,3.84,5.76,87.51,4.37,14.26,66.05,1.73,6.48,8.21,7.87,4.02,4.12,41.8,13.73,14.42,6.93,30.35,7.8,10.73,10.78,6.58,23.43,10.36,3.63,10.71,11.06,3.55,2.55,12.92,25.3,5.07,12.38,40.12,16.66,20.06,15.4,5.46,15.77,12.06,8.69,19.78,4.35,108.6,14.11,23.48,21.17,8.02,30.26,25.5,10.26,22.03,29.21,35.56,85.3,5.75,33.49,7.3,11.35,25.3,17.48,8.78,5.24,5.59,5.88,9.91,22.24,30.01,2.62,55.75,6.16,15.22,8.06,24.49,16.54,6.99,8.52,11.33,17.65,14.98,17.41,8.24,8.35,22.41,5.25,39.39,12.03,6.18,39.3,9.2,6.23,13.48,3.81,8.81,12.86,9.05,23.83,6.78,11.33,10.43,4.13,19.1,3.33,9.32,5.42,6.07,12.53,9.99,11.8,9.08,24.57,10.6,12.2,5.08,3.33,7.39,5.54,9.16,5.88,4.0,13.83,6.23,41.77,57.14,124.9,53.58,84.0,34.11,114.0,31.31,96.5,13.7,28.9,33.01,7.74,3.6,4.83,5.35,49.26,12.05,8.21,6.31,4.41,48.45,4.51,86.21,11.26,71.89,106.21,8.5,7.26,3.57,2.48,56.1,7.51,296.56,6.82,14.91,3.27,3.81,9.97,16.1,15.68,7.61,18.34,99.9,15.47,25.81,5.36,40.73,8.36,32.21,21.36,19.01,41.22,37.77,8.58,12.9,6.14,64.6,15.12,15.48,8.15,10.6,36.72,21.96,10.16,30.05,41.37,11.3,32.98,16.48,10.7,9.1,18.77,24.0,116.51,7.03,30.5,33.54,27.06,31.69,28.04,12.07,25.89,32.3,23.09,25.87,12.56,28.73,12.89,17.76,55.13,15.71,18.62,27.23,11.11,10.92,65.69,12.7,22.6,55.1,45.01,29.3,12.93,25.76,35.13,12.64,17.79,92.3,18.03,8.77,10.32,44.33,25.58,28.4,26.48,22.0,7.73,8.65,19.9,41.0,8.42,39.3
2019-04-25,11.48,6.37,7.21,5.72,8.16,23.48,11.85,35.28,13.29,6.78,27.28,28.56,62.9,45.53,31.05,951.22,39.4,16.95,14.07,13.81,30.25,26.39,19.5,9.92,16.16,19.18,11.12,19.3,12.49,3.73,83.15,9.4,6.21,59.46,7.14,5.71,36.56,29.36,6.2,21.13,8.85,12.71,4.17,7.51,78.2,7.3,3.87,5.87,87.86,4.45,14.31,66.94,1.77,6.59,8.31,8.05,4.04,4.35,42.7,13.68,15.44,7.07,31.57,7.99,10.82,11.39,6.74,23.57,10.27,3.71,10.75,11.2,3.67,2.6,12.7,26.08,5.1,12.96,41.3,17.01,19.82,15.45,5.55,16.13,12.11,8.81,21.09,4.51,114.89,14.34,24.29,21.33,8.1,30.81,25.61,10.46,22.04,29.15,36.8,86.68,5.95,33.38,7.37,11.61,25.85,17.86,8.86,5.39,5.69,6.0,10.5,23.48,30.66,2.68,56.5,6.82,15.4,8.17,24.9,16.71,7.09,8.62,11.44,18.1,14.64,17.4,8.38,8.63,23.08,5.11,39.9,12.22,6.26,39.72,9.71,6.28,13.6,3.86,8.89,13.48,9.08,24.38,6.84,11.5,10.53,4.23,19.8,3.4,9.74,5.55,6.06,12.57,10.22,12.04,9.15,26.88,10.73,12.33,5.15,3.38,7.42,5.61,8.91,6.0,3.98,13.86,6.26,41.98,57.44,126.0,55.43,85.22,35.21,115.0,31.51,99.13,14.13,29.2,33.55,7.89,3.65,4.92,5.39,51.28,12.2,8.3,6.44,4.47,49.72,4.67,89.23,11.5,69.79,106.9,8.82,7.25,3.65,2.5,57.3,7.67,300.5,6.91,14.92,3.35,3.86,9.99,16.21,15.73,7.6,18.49,100.6,14.73,26.6,5.45,41.88,8.61,33.37,21.68,19.61,43.33,39.14,8.7,13.03,6.48,66.85,16.73,15.61,8.21,10.82,37.38,22.48,10.41,30.4,40.09,12.08,33.34,16.21,10.66,9.21,18.67,24.18,118.63,7.03,30.2,34.22,27.3,32.1,28.4,13.4,27.0,33.22,23.35,26.71,12.7,29.56,13.41,19.52,56.0,16.29,18.72,28.52,11.19,11.03,68.2,12.98,24.6,55.01,45.5,30.6,13.46,26.2,34.41,12.7,17.83,101.27,18.22,9.0,10.68,44.46,26.11,28.5,27.2,22.28,7.74,8.79,20.16,41.69,8.61,41.58
2019-04-24,11.51,6.36,7.5,5.78,8.18,23.78,12.02,34.82,13.2,6.97,28.02,28.42,62.5,46.18,31.0,951.22,40.38,17.25,13.16,13.92,30.53,26.1,19.75,10.1,16.67,19.12,11.35,19.63,12.63,3.74,83.55,9.33,6.2,59.09,7.26,5.74,36.5,29.18,6.32,21.28,9.0,13.17,4.18,7.61,77.41,7.33,3.88,6.01,87.03,4.51,14.14,66.2,1.78,6.58,8.42,8.32,4.04,4.38,42.68,14.3,15.28,7.19,31.77,8.13,11.09,11.3,6.98,24.1,9.98,3.75,10.99,11.55,3.8,2.65,13.89,27.1,5.21,14.18,40.91,17.24,20.3,16.0,5.74,16.45,12.17,8.8,20.85,4.62,114.74,14.4,25.17,22.0,8.15,31.8,26.07,10.69,22.08,29.02,36.98,86.9,6.1,32.1,7.38,11.85,26.28,18.38,8.98,5.52,5.96,6.26,11.12,24.05,31.75,2.72,56.43,6.87,15.59,8.23,25.52,16.74,7.15,8.65,11.55,19.0,14.7,17.82,8.32,8.74,23.2,5.28,39.23,12.66,6.39,39.25,10.02,6.24,14.24,3.96,9.09,13.63,9.53,24.66,6.98,11.58,10.62,4.3,20.03,3.49,9.85,5.66,6.41,12.92,10.54,12.28,9.13,26.98,11.08,12.78,5.27,3.43,7.76,5.82,8.88,6.08,4.03,13.99,6.28,40.0,56.82,126.12,56.3,85.1,36.65,117.0,31.39,100.3,14.16,29.01,33.98,7.99,3.66,5.1,5.42,51.55,13.0,8.44,6.79,4.57,49.46,4.83,91.1,11.75,70.8,107.7,9.11,7.43,3.71,2.57,59.72,7.65,298.5,7.08,14.9,3.4,3.82,10.26,16.57,16.05,7.75,19.01,101.0,14.31,26.51,5.6,42.12,8.6,33.8,21.89,19.62,42.51,40.15,8.9,13.26,6.91,72.7,17.07,15.92,8.27,10.91,36.7,22.51,10.42,30.52,39.91,12.28,33.61,16.29,10.25,9.63,19.11,24.28,119.6,7.01,30.17,34.3,27.13,31.66,28.2,13.45,27.42,33.55,23.75,26.21,12.85,29.5,13.18,19.22,56.65,16.25,19.1,28.98,11.7,11.35,66.0,13.01,24.99,54.17,45.14,30.39,14.05,26.01,33.92,12.92,18.24,99.96,18.63,9.15,11.31,44.37,26.49,29.42,26.57,22.06,7.95,9.1,19.91,42.35,8.88,40.63
2019-04-23,11.63,6.47,7.5,5.86,8.31,23.57,12.18,34.67,13.36,6.98,28.28,28.88,62.01,46.55,31.71,949.2,40.05,17.43,13.42,13.85,30.05,24.6,19.81,10.15,16.44,19.32,11.4,19.6,12.66,3.76,84.5,9.28,6.26,60.31,7.31,5.79,37.15,29.55,6.36,21.12,9.07,13.23,4.2,7.66,77.4,7.32,3.92,6.06,88.96,4.51,13.95,66.0,1.8,6.57,8.46,8.42,4.01,4.39,43.1,14.01,15.25,7.23,32.1,8.2,10.9,11.05,7.01,24.3,9.53,3.73,10.99,11.56,3.77,2.68,13.96,27.56,5.35,14.35,40.71,17.69,21.12,16.1,5.66,16.62,12.16,9.0,21.11,4.66,113.58,14.49,25.3,22.12,8.22,31.82,25.9,10.82,22.5,29.63,36.47,84.88,6.19,31.95,7.48,12.12,26.1,18.8,9.03,5.56,5.98,6.22,11.03,24.13,32.1,2.74,57.18,6.76,16.05,8.31,25.56,16.7,7.21,8.71,11.55,20.41,14.98,17.64,8.35,8.75,23.5,5.2,38.6,12.41,6.43,39.13,9.7,6.26,14.01,3.92,9.05,13.65,9.99,24.72,6.9,11.04,10.7,4.33,20.0,3.51,9.71,5.73,6.38,12.72,10.58,12.45,9.16,26.93,10.9,12.42,5.27,3.45,7.67,5.78,8.85,6.11,4.08,14.06,6.34,41.05,56.42,126.71,57.25,82.5,36.53,116.4,31.31,99.23,13.97,29.25,35.2,7.93,3.67,5.13,5.42,51.57,12.95,8.51,6.62,4.69,48.9,4.79,90.61,11.87,69.25,109.01,9.18,7.4,3.7,2.6,59.49,7.58,298.8,7.07,15.27,3.43,3.86,10.21,16.7,16.02,7.58,18.95,100.5,14.3,25.69,5.6,42.86,8.3,33.84,21.73,20.22,42.9,40.52,9.02,13.45,6.77,73.15,17.41,15.97,8.28,10.91,36.51,22.65,10.42,30.89,39.62,12.27,33.76,16.47,9.96,9.73,19.11,24.63,119.27,7.77,30.02,33.65,26.62,33.11,29.0,13.74,27.25,34.2,23.78,26.35,12.77,29.55,13.14,19.55,56.61,15.86,18.77,28.97,11.7,11.33,66.2,12.83,25.65,55.19,44.9,30.1,14.02,25.98,33.92,12.9,18.1,98.8,18.43,9.13,11.2,44.6,27.01,29.4,26.74,22.53,8.21,9.1,20.0,42.87,8.96,40.06
2019-04-22,11.68,6.49,7.55,5.86,8.33,23.71,12.12,34.4,13.38,7.11,28.23,29.02,62.07,46.49,31.59,940.61,40.6,17.53,13.11,13.87,30.92,24.0,19.96,10.28,17.02,19.29,11.71,19.6,12.62,3.77,84.5,9.45,6.26,60.9,7.44,5.81,37.28,29.8,6.37,21.21,9.2,13.71,4.2,7.64,77.22,7.35,3.92,6.49,91.5,4.61,14.07,66.1,1.82,6.62,8.5,8.3,4.04,4.52,44.96,14.22,15.51,7.48,32.17,8.28,10.98,11.2,7.14,25.1,9.3,3.79,11.12,11.75,3.86,2.73,14.35,27.8,5.44,14.78,40.85,17.34,21.7,16.35,5.75,17.17,12.2,9.15,21.0,4.75,115.01,14.67,27.17,22.75,8.41,32.47,26.6,11.11,23.1,29.81,36.41,86.7,6.22,32.08,7.46,12.17,26.3,18.9,9.05,5.54,6.18,6.4,11.11,24.35,33.22,2.76,58.27,6.9,16.24,8.4,26.27,16.67,7.25,8.8,11.77,20.71,14.95,17.89,8.43,8.7,24.05,5.25,38.58,12.75,6.66,38.91,9.82,6.26,14.44,3.93,9.13,13.63,10.46,24.78,6.97,11.09,10.77,4.4,20.17,3.61,10.03,5.92,6.58,12.94,10.48,12.66,9.2,27.35,11.08,12.71,5.29,3.51,7.75,5.83,9.04,6.2,4.16,14.13,6.38,59.71,56.2,130.22,57.85,85.28,38.2,113.0,31.61,98.59,14.08,29.31,35.66,7.81,3.76,5.12,5.48,52.2,13.21,8.5,7.2,4.85,48.96,4.8,89.53,12.14,69.01,109.23,9.31,7.55,3.78,2.62,60.88,7.3,299.1,7.06,15.48,3.48,3.93,10.34,17.06,16.18,7.6,19.11,100.5,14.06,25.71,5.64,44.1,8.11,33.77,21.73,20.1,43.1,40.94,9.14,13.62,6.84,74.56,17.38,16.34,8.4,11.0,37.46,22.5,10.4,31.5,40.0,12.6,34.0,16.98,10.01,9.7,18.88,25.51,120.56,8.08,29.58,33.91,26.5,33.7,28.32,13.98,27.76,34.6,24.1,25.91,12.89,30.69,13.52,19.88,57.19,17.23,18.7,30.0,12.08,11.6,66.6,12.9,25.48,53.87,45.8,29.86,14.14,25.95,33.41,13.08,18.32,100.53,18.63,9.41,11.81,44.3,27.56,29.84,26.94,22.58,8.35,9.14,20.2,41.59,9.04,39.61
2019-04-19,11.86,6.58,7.65,5.81,8.68,24.11,12.81,35.58,13.91,6.8,29.17,29.4,63.78,46.45,32.4,931.31,41.8,17.62,12.96,14.34,30.59,23.78,20.06,10.79,17.69,19.9,11.8,20.04,12.58,3.83,84.2,9.48,6.39,62.19,7.46,5.94,38.5,30.63,6.51,21.58,9.29,13.84,4.29,7.59,76.14,7.52,4.0,6.52,92.6,4.77,14.13,63.48,1.82,6.6,8.6,8.26,4.03,4.52,44.87,14.38,15.0,7.58,32.02,8.27,11.17,11.08,7.51,25.04,9.44,3.89,11.44,11.59,3.8,2.75,14.07,27.84,5.49,14.86,41.81,17.25,21.49,16.31,5.83,16.8,12.89,9.36,21.25,4.77,116.18,14.05,26.75,22.05,8.37,31.62,26.22,10.84,23.16,29.78,37.21,88.6,6.1,32.25,7.65,12.05,26.75,18.83,9.04,5.53,5.99,6.42,10.7,25.09,33.0,2.78,58.7,7.02,16.07,8.44,26.07,16.64,7.34,8.93,11.89,20.3,15.07,17.95,8.42,9.08,23.76,5.27,40.52,12.6,6.73,41.13,9.86,6.33,14.8,4.0,9.16,14.26,10.61,25.28,7.03,11.0,11.03,4.37,20.68,3.7,10.06,5.97,6.66,13.16,10.29,12.77,9.44,27.71,11.26,13.05,5.31,3.51,7.71,5.95,9.08,6.24,4.22,14.51,6.45,58.58,57.16,128.75,56.65,85.05,,120.0,31.47,97.58,14.3,30.46,33.6,8.34,3.76,5.28,5.53,52.7,13.34,8.81,6.29,4.93,48.82,4.98,88.68,12.1,68.32,107.2,9.56,7.71,3.73,2.62,58.68,7.83,305.05,7.42,15.27,3.49,3.9,10.55,17.0,16.41,7.65,19.85,99.86,13.77,26.47,5.66,44.56,8.51,33.0,22.59,20.3,42.71,41.72,9.21,13.77,6.73,74.01,17.22,17.03,8.52,11.32,36.5,22.9,11.2,31.9,40.26,12.68,34.6,16.98,9.96,9.72,20.3,25.51,119.88,8.11,30.02,34.58,26.61,34.02,29.45,14.03,28.06,34.53,23.6,25.92,12.95,31.3,13.2,20.06,58.51,17.2,18.6,30.6,11.9,11.78,65.82,13.1,23.56,52.5,46.16,29.62,14.16,26.28,33.43,13.3,18.27,105.0,18.91,9.18,11.75,44.29,28.01,29.78,27.33,22.65,8.38,9.33,20.69,41.51,9.19,38.93
2019-04-18,11.84,6.6,7.64,5.83,8.78,24.22,12.98,35.13,13.85,6.8,29.38,29.38,63.77,46.87,32.0,936.22,42.13,17.78,13.17,14.31,30.46,23.7,20.17,10.96,17.9,20.0,11.71,20.02,12.66,3.83,83.88,9.48,6.38,62.0,7.45,5.93,37.12,29.4,6.53,21.62,9.29,13.75,4.27,7.65,75.65,7.55,3.98,6.44,92.5,4.81,14.05,62.51,1.83,6.56,8.65,8.47,4.12,4.5,45.78,14.41,15.08,7.56,32.52,8.29,11.11,11.24,7.63,25.5,9.64,3.91,11.44,11.96,3.86,2.76,13.9,28.0,5.58,14.6,41.95,17.0,21.6,16.95,5.81,16.83,12.96,9.44,21.33,4.83,116.0,13.57,26.72,21.7,8.37,31.72,25.54,10.28,23.22,29.72,36.6,88.25,6.13,32.49,7.75,12.16,26.84,18.96,9.14,5.56,5.99,6.38,10.95,24.9,33.09,2.79,59.0,7.01,16.32,8.41,26.25,16.65,7.41,8.92,11.64,19.32,15.38,17.88,8.46,9.05,23.05,5.34,41.17,12.48,6.75,40.25,9.9,6.4,14.03,4.07,9.28,14.35,10.58,25.08,7.1,10.93,11.06,4.47,20.9,3.69,10.2,6.02,6.87,13.13,10.4,12.79,9.5,27.52,11.19,12.81,5.3,3.54,7.72,5.93,9.1,6.23,4.28,14.47,6.51,58.58,57.31,127.61,57.72,85.02,,120.0,31.61,97.3,14.11,30.31,33.3,8.39,3.81,5.28,5.54,53.1,13.42,8.91,6.19,4.95,49.08,4.97,90.0,12.11,68.68,106.2,9.81,7.59,3.75,2.65,58.16,7.86,300.0,7.44,15.79,3.52,3.92,10.55,17.27,16.4,7.72,19.89,101.8,13.91,27.11,5.69,44.14,8.82,32.21,22.58,20.8,42.41,41.91,9.32,13.88,6.7,73.62,17.22,17.2,8.46,11.52,37.13,22.96,11.2,31.7,40.15,13.0,34.76,16.8,10.08,9.53,20.26,25.63,119.13,8.09,29.5,34.74,26.91,34.13,29.5,14.0,28.51,35.28,23.8,26.05,12.98,32.29,13.45,20.05,58.9,17.52,18.63,31.52,12.25,11.71,67.0,13.0,22.87,49.51,47.38,31.8,14.13,26.2,33.43,13.51,18.26,103.0,18.8,9.27,11.18,44.7,28.0,30.15,27.85,22.37,8.49,9.37,20.6,41.79,9.03,39.42
2019-04-17,11.88,6.63,7.6,5.85,8.69,24.21,12.98,35.63,14.1,6.81,28.66,29.63,64.21,47.11,32.49,925.0,41.96,17.4,13.21,14.33,30.5,24.18,20.2,10.92,16.31,20.1,11.74,20.15,12.7,3.85,83.8,9.55,6.44,61.5,7.47,5.96,37.1,29.6,6.6,21.75,9.32,13.9,4.31,7.67,74.02,7.65,3.96,6.4,93.39,4.89,14.13,62.1,1.84,6.58,8.64,8.68,4.11,4.54,45.9,14.52,14.92,7.62,32.52,8.34,11.19,11.39,7.44,25.4,9.65,3.93,11.66,12.07,3.91,2.77,13.67,28.05,5.38,14.2,41.92,16.69,21.45,16.86,5.91,16.78,12.96,9.52,21.0,4.86,117.0,12.9,26.64,21.86,8.41,31.88,26.18,10.26,23.03,29.6,36.62,89.2,6.19,33.08,7.77,12.33,26.16,19.04,9.32,5.55,6.04,6.44,10.2,23.7,32.86,2.78,57.8,7.12,16.58,8.72,26.21,16.74,7.42,8.91,11.7,19.21,15.54,18.12,8.48,9.09,21.91,5.17,41.16,12.51,6.78,40.7,9.97,6.43,13.7,4.09,9.26,13.46,10.31,25.5,7.13,11.05,11.21,4.47,21.13,3.68,9.58,6.04,6.61,13.24,10.48,12.85,9.53,28.15,11.21,12.9,5.27,3.56,7.76,5.86,9.09,6.25,4.27,14.57,6.57,59.01,57.11,122.63,57.51,85.38,,118.28,31.98,101.69,14.23,30.77,32.98,8.58,3.92,5.31,5.55,51.97,13.15,8.94,6.12,5.01,49.65,5.03,89.23,12.22,67.37,101.5,9.43,7.65,3.77,2.67,57.0,7.94,297.38,7.39,15.93,3.53,3.87,10.57,17.11,16.47,7.78,19.82,100.3,13.9,26.72,5.71,44.58,8.65,32.83,22.62,21.13,43.01,42.56,9.44,13.7,6.82,72.72,17.43,16.96,8.69,11.51,37.82,23.09,11.39,31.81,40.32,12.86,34.88,17.01,10.06,9.62,20.06,25.8,118.6,7.93,28.77,34.9,26.83,34.3,29.67,14.41,28.76,35.11,24.0,26.3,13.16,31.92,13.2,19.88,58.1,17.84,18.66,29.45,12.49,11.82,66.58,13.3,22.86,49.65,46.91,29.15,14.32,26.48,33.02,13.41,18.4,104.65,18.84,9.31,11.14,44.71,28.0,30.65,26.53,22.71,8.5,9.52,21.01,41.62,8.3,37.71
2019-04-16,11.43,6.45,7.47,5.71,8.41,23.26,12.72,34.6,13.6,6.58,27.55,28.79,63.05,45.53,31.59,901.22,41.45,16.87,12.2,13.8,29.51,23.7,19.82,10.52,15.33,19.12,11.54,19.65,12.29,3.76,80.9,9.21,6.26,59.0,7.35,5.75,35.62,28.86,6.48,20.9,9.16,13.7,4.14,7.53,72.54,7.31,3.86,6.24,91.63,4.76,13.93,60.53,1.81,6.5,8.39,8.39,4.0,4.52,45.23,14.16,14.33,7.48,31.41,8.13,10.78,10.99,7.2,24.33,9.29,3.88,11.26,11.55,3.8,2.72,13.39,27.46,5.16,14.0,41.07,16.31,20.97,16.15,5.72,16.34,12.9,9.37,20.63,4.71,115.1,12.26,26.1,20.77,8.32,30.31,25.63,9.93,22.61,29.77,35.58,86.96,6.06,31.44,7.59,11.96,25.67,18.55,9.22,5.42,5.9,6.33,9.54,22.86,32.5,2.75,56.0,6.92,16.51,8.68,25.55,16.52,7.21,8.63,11.35,18.7,15.33,17.53,8.36,8.84,,5.1,40.32,12.07,6.65,39.8,9.85,6.28,13.23,3.96,9.11,12.88,10.22,24.56,6.95,10.62,10.62,4.29,20.61,3.61,9.14,5.96,6.55,12.76,10.28,12.54,9.17,27.45,10.85,12.46,5.13,3.48,7.57,5.72,8.89,6.11,4.16,13.83,6.31,56.69,56.01,118.15,55.8,83.6,,116.5,31.47,96.3,13.55,30.01,30.1,8.4,3.76,5.21,5.39,50.65,12.8,8.74,5.86,4.73,48.71,4.91,88.0,11.85,66.01,100.7,9.1,7.13,3.65,2.59,55.73,7.72,295.06,7.34,15.47,3.41,3.78,10.1,16.6,15.82,7.5,19.28,97.06,13.35,26.2,5.59,42.52,8.7,32.21,22.45,21.03,42.13,40.89,9.18,13.58,6.66,71.1,17.22,16.8,8.37,11.38,37.31,22.8,11.1,30.21,39.65,12.5,33.85,16.22,9.6,9.37,19.3,25.41,117.5,7.7,27.98,34.3,26.23,33.0,29.17,13.51,27.6,33.85,23.8,24.65,12.85,31.4,12.86,19.02,53.3,17.36,18.52,28.86,12.02,11.47,64.5,12.64,22.41,48.01,45.62,27.06,13.92,25.55,32.3,12.53,17.73,102.8,18.27,9.02,10.08,44.06,27.01,28.05,25.33,22.23,8.34,9.28,20.17,40.68,7.84,36.56
