date,open,high,low,volume,price_change,p_change,ma5,ma10,ma20,v_ma5,v_ma10,v_ma20,close
2019-08-08,13.28,13.47,13.04,265698.97,-0.11,-0.83,13.508,14.017,13.866,232947.26,244258.56,264298.41,13.12
2019-08-07,13.54,13.66,13.22,215587.38,-0.07,-0.53,13.772,14.13,13.854,223348.87,252859.61,277747.22,13.23
2019-08-06,13.68,13.68,13.09,304159.94,-0.45,-3.27,14.038,14.22,13.858,213060.42,256576.28,274483.61,13.3
2019-08-05,14.21,14.34,13.75,191482.3,-0.39,-2.76,14.296,14.295,13.858,200513.18,262968.31,273651.07,13.75
2019-08-02,13.89,14.29,13.89,187807.7,-0.3,-2.08,14.504,14.265,13.85,234459.23,256142.77,276443.42,14.14
2019-08-01,14.45,14.65,14.31,217707.03,-0.12,-0.82,14.526,14.211,13.84,255569.86,260978.66,283669.69,14.44
2019-07-31,14.56,14.79,14.49,164145.12,-0.03,-0.21,14.488,14.136,13.811,282370.34,277661.59,282346.61,14.56
2019-07-30,14.87,14.91,14.55,241423.75,-0.2,-1.35,14.402,14.022,13.781,300092.14,278635.12,289355.09,14.59
2019-07-29,14.14,14.93,14.14,361212.53,0.54,3.79,14.294,13.899,13.764,325423.43,273366.08,311652.23,14.79
2019-07-26,14.05,14.46,13.97,293360.88,0.0,0.0,14.026,13.779,13.755,277826.31,267580.13,309297.36,14.25
2019-07-25,14.06,14.37,13.83,351709.44,0.12,0.85,13.896,13.714,13.746,266387.45,284338.27,303110.65,14.25
2019-07-24,14.17,14.31,13.94,252754.11,0.08,0.57,13.784,13.577,13.747,272952.84,302634.83,298982.17,14.13
2019-07-23,13.48,14.13,13.36,368080.19,0.6,4.46,13.642,13.496,13.741,257178.1,292390.95,308444.61,14.05
2019-07-22,13.69,13.72,13.33,123226.92,-0.15,-1.1,13.504,13.42,13.748,221308.73,284333.83,308981.04,13.45
2019-07-19,13.67,13.96,13.56,236166.59,-0.09,-0.66,13.532,13.434,13.81,257333.94,296744.06,315348.02,13.6
2019-07-18,13.8,13.97,13.6,384536.38,0.27,2.01,13.532,13.469,13.858,302289.09,306360.73,321619.96,13.69
2019-07-17,13.36,13.6,13.3,173880.44,0.06,0.45,13.37,13.486,13.916,332316.82,287031.63,321106.33,13.42
2019-07-16,13.59,13.59,13.33,188733.34,-0.23,-1.69,13.35,13.539,13.956,327603.79,300075.05,332606.43,13.36
2019-07-15,13.46,13.7,13.3,303352.97,-0.01,-0.07,13.336,13.629,13.982,347358.92,349938.38,335505.36,13.59
2019-07-12,13.01,13.68,13.01,460942.31,0.72,5.59,13.336,13.731,13.981,336154.18,351014.59,343641.55,13.6
2019-07-11,13.21,13.29,12.47,534675.06,-0.44,-3.3,13.406,13.777,14.012,310432.37,321883.04,330701.74,12.88
2019-07-10,13.4,13.55,13.24,150315.28,0.03,0.23,13.602,13.916,14.081,241746.43,295329.51,315269.53,13.32
2019-07-09,13.48,13.6,13.13,287508.97,-0.3,-2.21,13.728,13.985,14.133,272546.31,324498.27,319338.45,13.29
2019-07-08,13.85,13.85,13.5,247329.3,-0.36,-2.58,13.922,14.076,14.213,352517.84,333628.26,319033.0,13.59
2019-07-05,14.34,14.43,13.88,332333.25,0.09,0.65,14.126,14.186,14.255,365875.0,333951.98,317795.99,13.95
2019-07-04,13.81,14.03,13.75,191245.36,-0.09,-0.65,14.148,14.247,14.258,333333.71,336879.18,314946.32,13.86
2019-07-03,14.11,14.12,13.88,304314.66,-0.31,-2.17,14.23,14.345,14.288,348912.58,355181.04,317404.31,13.95
2019-07-02,14.7,14.7,13.62,687366.62,-0.35,-2.4,14.242,14.372,14.337,376450.22,365137.81,314632.22,14.26
2019-07-01,14.5,14.85,14.3,314115.09,0.55,3.91,14.23,14.335,14.364,314738.68,321072.34,298058.63,14.61
2019-06-28,14.35,14.39,13.92,169626.81,-0.21,-1.47,14.246,14.23,14.403,302028.95,336268.51,304358.99,14.06
2019-06-27,14.15,14.36,13.99,269139.72,0.26,1.86,14.346,14.246,14.463,340424.65,339520.44,310318.8,14.27
2019-06-26,14.05,14.12,13.49,442002.88,-0.19,-1.34,14.46,14.245,14.506,361449.49,335209.55,308410.21,14.01
2019-06-25,14.54,14.54,13.94,378808.91,-0.49,-3.34,14.502,14.28,14.585,353825.4,314178.64,302723.74,14.2
2019-06-24,14.8,14.9,14.37,250566.45,0.13,0.89,14.44,14.35,14.648,327406.0,304437.74,303347.06,14.69
2019-06-21,14.8,15.01,14.41,361605.31,-0.28,-1.89,14.214,14.323,14.64,370508.07,301640.01,302782.64,14.56
2019-06-20,14.25,14.95,14.1,374263.91,0.62,4.36,14.146,14.268,14.643,338616.23,293013.46,298480.13,14.84
2019-06-19,14.35,14.77,14.03,403882.44,0.33,2.38,14.03,14.23,14.663,308969.6,279627.58,296252.28,14.22
2019-06-18,13.52,13.99,13.46,246711.88,0.33,2.43,14.058,14.301,14.709,274531.87,264126.62,293251.33,13.89
2019-06-17,14.14,14.16,13.02,466076.81,-0.66,-4.64,14.26,14.392,14.777,281469.47,275044.91,298477.35,13.56
2019-06-14,14.45,14.55,14.1,202146.11,-0.04,-0.28,14.432,14.576,14.881,232771.94,272449.47,292444.01,14.22
2019-06-13,14.54,14.71,14.08,226030.78,-0.1,-0.7,14.39,14.679,14.979,247410.7,281117.15,306818.39,14.26
2019-06-12,14.93,14.93,14.34,231693.78,-0.54,-3.62,14.43,14.766,15.094,250285.56,281610.88,332450.53,14.36
2019-06-11,14.5,15.01,14.42,281399.88,0.48,3.33,14.544,14.889,15.143,253721.36,291268.85,340141.7,14.9
2019-06-10,14.02,14.58,13.8,222589.16,0.41,2.93,14.524,14.945,15.136,268620.35,302256.38,339568.27,14.42
2019-06-06,14.46,14.57,13.89,275339.88,-0.45,-3.11,14.72,14.956,15.169,312127.0,303925.28,357307.29,14.01
2019-06-05,15.05,15.09,14.38,240405.12,-0.47,-3.15,14.968,15.018,15.203,314823.6,303946.8,361249.29,14.46
2019-06-04,15.0,15.17,14.51,248872.78,0.13,0.88,15.102,15.096,15.192,312936.19,312876.98,369194.2,14.93
2019-06-03,15.31,15.59,14.8,355894.81,-0.6,-3.9,15.234,15.116,15.186,328816.34,322376.03,381566.56,14.8
2019-05-31,15.5,15.88,15.06,440122.41,0.15,0.98,15.366,15.161,15.143,335892.41,321909.79,388871.01,15.4
2019-05-30,14.97,15.34,14.75,288822.88,0.12,0.79,15.192,15.186,15.086,295723.56,312438.55,384802.07,15.25
2019-05-29,15.31,15.49,15.1,230968.09,-0.46,-2.95,15.068,15.279,15.051,293069.99,332519.62,392990.59,15.13
2019-05-28,15.45,15.62,15.09,328273.5,0.13,0.84,15.09,15.421,15.006,312817.76,383290.17,397996.14,15.59
2019-05-27,14.81,15.5,14.66,391275.19,0.93,6.4,14.998,15.397,14.947,315935.73,389014.55,400323.99,15.46
2019-05-24,14.44,14.96,14.15,239278.12,-0.1,-0.68,14.956,15.326,14.908,307927.17,376880.16,399169.57,14.53
2019-05-23,15.06,15.1,14.5,275555.06,-0.45,-2.98,15.18,15.381,14.908,329153.54,410689.3,411031.3,14.63
2019-05-22,15.1,15.66,15.01,329706.94,0.11,0.73,15.49,15.387,14.921,371969.26,418551.78,422592.01,15.24
2019-05-21,15.22,15.56,14.96,343863.34,-0.12,-0.79,15.752,15.288,14.889,453762.58,425511.43,427956.48,15.13
2019-05-20,15.51,15.63,14.39,351232.38,-0.4,-2.56,15.796,15.255,14.847,462093.37,440757.09,445474.94,15.25
2019-05-17,16.21,16.4,15.57,345410.0,-0.53,-3.28,15.696,15.124,14.776,445833.16,455832.24,457107.2,15.65
2019-05-16,16.4,16.66,15.88,489633.62,-0.37,-2.24,15.582,14.986,14.636,492225.05,457165.59,453025.29,16.18
2019-05-15,15.51,16.78,15.37,738673.56,1.2,7.82,15.284,14.823,14.457,465134.3,453461.55,446175.41,16.55
2019-05-14,14.37,15.54,14.37,385517.31,0.6,4.07,14.824,14.591,14.257,397260.28,412702.11,425767.83,15.35
2019-05-13,14.81,15.0,14.21,269931.31,-0.33,-2.19,14.714,14.496,14.125,419420.8,411633.44,437650.41,14.75
2019-05-10,14.75,15.5,14.13,577369.44,0.39,2.65,14.552,14.489,14.049,465831.31,421458.97,440941.06,15.08
2019-05-09,14.01,14.7,13.89,354179.88,0.44,3.09,14.39,14.435,13.946,422106.14,411373.31,426932.27,14.69
2019-05-08,14.6,14.77,14.15,399303.44,-0.55,-3.72,14.362,14.454,13.877,441788.81,426632.24,428998.08,14.25
2019-05-07,14.15,14.98,13.81,496319.91,0.86,6.17,14.358,14.489,13.832,428143.94,430401.52,431955.4,14.8
2019-05-06,13.85,14.17,13.45,501983.88,-0.33,-2.31,14.278,14.439,13.783,403846.07,450192.8,425519.81,13.94
2019-04-30,14.35,14.55,13.87,358743.59,-0.28,-1.92,14.426,14.428,13.776,377086.63,458382.16,439464.87,14.27
2019-04-29,14.37,14.91,14.21,452593.22,0.32,2.25,14.48,14.285,13.732,400640.48,448884.98,462352.85,14.55
2019-04-26,14.45,14.8,14.11,331079.12,-0.17,-1.18,14.546,14.09,13.612,411475.68,438889.26,465193.91,14.23
2019-04-25,14.99,15.02,14.34,374830.56,-0.28,-1.91,14.62,13.923,13.476,432659.1,438833.55,462575.59,14.4
2019-04-24,14.85,15.06,14.4,368186.66,0.14,0.96,14.6,13.753,13.322,496539.53,463667.38,455079.29,14.68
2019-04-23,15.0,15.32,14.49,476512.84,-0.34,-2.29,14.43,13.608,13.151,539677.69,460423.15,451110.62,14.54
2019-04-22,14.79,15.65,14.67,506769.22,0.28,1.92,14.09,13.457,12.998,497129.48,442491.24,447107.97,14.88
2019-04-19,14.31,14.75,14.05,436996.22,0.3,2.1,13.634,13.299,12.845,466302.84,431363.91,447650.59,14.6
2019-04-18,13.88,14.85,13.57,694232.69,0.47,3.4,13.226,13.175,12.727,445008.0,433509.29,438518.36,14.3
2019-04-17,12.98,13.93,12.9,583877.5,0.99,7.71,12.906,13.126,12.633,430795.24,400846.82,419698.51,13.83
2019-04-16,12.63,12.94,12.26,263771.75,0.24,1.91,12.786,13.124,12.559,381168.6,420547.58,406568.18,12.84
2019-04-15,12.46,13.12,12.46,352636.03,0.04,0.32,12.824,13.178,12.544,387852.99,475820.71,415665.91,12.6
2019-04-12,12.56,12.9,12.42,330522.03,-0.14,-1.1,12.964,13.134,12.554,396424.99,491498.56,427357.53,12.56
2019-04-11,13.4,13.47,12.1,623168.88,-0.53,-4.01,13.124,13.028,12.551,422010.57,486317.63,443939.15,12.7
2019-04-10,13.1,13.45,12.97,335744.31,0.2,1.53,13.346,12.891,12.547,370898.4,446491.2,436450.03,13.23
2019-04-09,13.02,13.3,12.95,297193.72,-0.27,-2.03,13.462,12.693,12.516,459926.56,441798.09,460049.28,13.03
2019-04-08,13.45,13.8,13.05,395496.0,-0.06,-0.45,13.532,12.539,12.488,563788.43,451724.7,499705.67,13.3
2019-04-04,13.82,13.95,13.31,458449.94,-0.45,-3.26,13.304,12.39,12.39,586572.14,463937.28,506905.61,13.36
2019-04-03,13.81,13.9,13.6,367608.03,0.0,0.0,12.932,12.279,12.296,550624.68,443527.44,514817.0,13.81
2019-04-02,13.86,14.12,13.48,780885.12,0.43,3.21,12.436,12.139,12.197,522084.01,438550.19,526531.64,13.81
2019-04-01,12.16,13.38,12.16,816503.06,1.22,10.03,11.924,11.993,12.106,423669.61,392588.78,518118.08,13.38
2019-03-29,11.58,12.2,11.5,509414.53,0.66,5.74,11.546,11.91,12.034,339660.96,355511.11,523104.22,12.16
2019-03-28,11.31,11.71,11.2,278712.66,0.17,1.5,11.476,11.974,12.026,341302.41,363216.5,523518.45,11.5
2019-03-27,11.37,11.48,11.1,224904.67,0.08,0.71,11.626,12.073,12.046,336430.2,401560.68,540069.09,11.33
2019-03-26,11.75,11.75,11.21,288813.12,-0.24,-2.09,11.842,12.203,12.067,355016.38,426408.85,587309.78,11.25
2019-03-25,11.67,11.99,11.45,396459.84,-0.32,-2.71,12.062,12.339,12.157,361507.95,478300.47,610592.97,11.49
2019-03-22,12.19,12.23,11.62,517621.78,-0.44,-3.59,12.274,12.437,12.252,371361.25,547686.64,631244.99,11.81
2019-03-21,12.41,12.48,12.19,254351.58,-0.16,-1.29,12.472,12.39,12.326,385130.58,549873.95,633048.9,12.25
2019-03-20,12.33,12.52,12.05,317835.56,0.06,0.49,12.52,12.313,12.348,466691.16,586106.55,645726.92,12.41
2019-03-19,12.54,12.55,12.28,321270.97,-0.2,-1.59,12.564,12.255,12.352,497801.32,614513.09,644233.11,12.35
2019-03-18,12.74,12.77,12.19,445726.34,-0.25,-1.95,12.616,12.219,12.346,595092.99,643647.39,668000.82,12.55
2019-03-15,12.71,12.95,12.61,586468.44,0.31,2.48,12.6,12.157,12.332,724012.04,690697.33,674698.91,12.8
2019-03-14,12.6,13.06,12.33,662154.5,-0.14,-1.11,12.308,12.077,12.267,714617.33,683820.4,670145.34,12.49
2019-03-13,12.49,12.74,12.1,473386.34,0.02,0.16,12.106,12.018,12.206,705521.94,678577.5,658024.59,12.63
2019-03-12,12.47,12.95,12.35,807729.31,0.14,1.12,11.946,11.93,12.122,731224.86,748210.72,652176.21,12.61
2019-03-11,11.32,12.47,11.31,1090321.62,1.13,9.96,11.822,11.974,12.035,692201.79,742885.47,627779.9,12.47
2019-03-08,11.41,11.85,11.22,539494.88,-0.14,-1.22,11.714,12.067,11.961,657382.63,714803.33,589384.76,11.34
2019-03-07,11.83,11.85,11.34,616677.56,-0.35,-2.96,11.846,12.262,11.931,653023.46,716223.86,588040.3,11.48
2019-03-06,11.98,12.11,11.68,601900.94,-0.16,-1.33,11.93,12.382,11.87,651633.06,705347.29,571101.72,11.83
2019-03-05,11.9,12.08,11.68,612613.94,0.06,0.5,11.914,12.448,11.792,765196.57,673953.13,566881.61,11.99
2019-03-04,12.16,12.23,11.73,916225.81,-0.07,-0.58,12.126,12.473,11.697,793569.15,692354.26,556672.08,11.93
2019-03-01,11.94,12.18,11.81,517699.06,0.1,0.84,12.42,12.507,11.603,772224.04,658700.48,531756.13,12.0
2019-02-28,11.63,12.12,11.41,609725.56,0.15,1.28,12.678,12.456,11.509,779424.25,656470.28,528635.47,11.9
2019-02-27,12.88,12.94,11.75,1169718.5,-1.3,-9.96,12.834,12.394,11.419,759061.52,637471.69,549352.95,11.75
2019-02-26,13.31,13.5,12.78,754476.81,-0.35,-2.61,12.982,12.314,11.302,582709.68,556141.69,503360.07,13.05
2019-02-25,13.69,13.78,13.01,809500.25,0.11,0.83,12.82,12.096,11.115,591139.37,512674.34,480250.36,13.4
2019-02-22,12.83,13.43,12.61,553700.12,0.61,4.81,12.594,11.854,10.924,545176.92,463966.19,455923.36,13.29
2019-02-21,12.31,13.16,12.29,507911.94,0.19,1.52,12.234,11.6,10.747,533516.31,459856.74,451534.64,12.68
2019-02-20,12.4,12.55,12.0,287959.28,0.25,2.04,11.954,11.358,10.576,515881.85,436856.14,443870.48,12.49
2019-02-19,12.65,12.98,12.0,796625.25,-0.03,-0.24,11.646,11.135,10.41,529573.71,459810.1,441496.79,12.24
2019-02-18,11.33,12.32,11.33,579688.0,0.78,6.79,11.372,10.921,10.253,434209.31,420989.9,421163.36,12.27
2019-02-15,11.23,11.7,11.17,495397.06,0.21,1.86,11.114,10.699,10.077,382755.46,404811.79,402987.67,11.49
2019-02-14,10.84,11.36,10.8,419739.66,0.33,3.01,10.966,10.562,9.94,386197.18,400800.66,391209.98,11.28
2019-02-13,10.81,11.0,10.73,356418.56,0.08,0.74,10.762,10.444,9.822,357830.43,461234.21,405704.43,10.95
2019-02-12,10.88,10.95,10.61,319803.25,-0.11,-1.0,10.624,10.29,9.69,390046.49,450578.45,402184.55,10.87
2019-02-11,10.75,10.99,10.7,322418.75,0.23,2.14,10.47,10.134,9.57,407770.5,447826.39,395972.42,10.98
2019-02-01,10.4,11.04,10.36,512605.66,0.49,4.78,10.284,9.994,9.446,426868.11,447880.52,395148.55,10.75
2019-01-31,10.27,10.43,10.15,277905.91,0.0,0.0,10.158,9.893,9.313,415404.14,443212.54,380703.76,10.26
2019-01-30,10.18,10.62,10.16,517498.88,0.16,1.58,10.126,9.793,9.197,564637.99,450884.81,380839.97,10.26
2019-01-29,10.1,10.33,9.85,408423.31,0.05,0.5,9.956,9.684,9.098,511110.4,423183.48,362145.71,10.1
2019-01-28,10.28,10.4,9.88,417906.81,-0.07,-0.69,9.798,9.584,9.007,487882.27,421336.82,358014.93,10.05
2019-01-25,10.27,10.34,9.98,455285.78,0.02,0.2,9.704,9.454,8.917,468892.93,401163.55,347709.36,10.12
2019-01-24,9.39,10.35,9.39,1024075.19,0.69,7.33,9.628,9.317,8.835,471020.94,381619.3,333281.81,10.1
2019-01-23,9.32,9.51,9.22,249860.91,0.1,1.07,9.46,9.199,8.759,337131.63,350174.65,296740.76,9.41
2019-01-22,9.55,9.69,9.21,292282.66,-0.27,-2.82,9.412,9.089,8.722,335256.55,353790.66,297522.55,9.31
2019-01-21,9.75,9.85,9.51,322960.12,-0.16,-1.64,9.37,9.006,8.679,354791.36,344118.45,300136.75,9.58
2019-01-18,9.39,9.87,9.31,465925.84,0.48,5.18,9.204,8.898,8.622,333434.17,342416.58,300308.8,9.74
2019-01-17,9.19,9.6,9.13,354628.62,0.09,0.98,9.006,8.732,8.552,292217.66,318194.98,293070.93,9.26
2019-01-16,9.14,9.23,9.02,240485.52,0.07,0.77,8.938,8.6,8.527,363217.68,310795.13,283582.51,9.17
2019-01-15,8.7,9.14,8.67,389956.72,0.35,4.0,8.766,8.511,8.504,372324.76,301107.94,282611.92,9.1
2019-01-14,8.75,8.93,8.64,216174.14,0.0,0.0,8.642,8.429,8.483,333445.53,294693.04,281025.66,8.75
2019-01-11,8.92,8.98,8.73,259843.31,-0.17,-1.91,8.592,8.38,8.496,351398.99,294255.18,284603.31,8.75
2019-01-10,8.5,9.09,8.5,709628.69,0.61,7.34,8.458,8.353,8.506,344172.29,284944.32,285946.7,8.92
2019-01-09,8.5,8.55,8.11,286020.94,-0.17,-2.0,8.262,8.319,8.51,258372.58,243306.87,259520.63,8.31
2019-01-08,8.5,8.54,8.34,195560.55,-0.02,-0.23,8.256,8.355,8.541,229891.12,241254.45,265581.37,8.48
2019-01-07,8.18,8.5,8.11,305941.47,0.42,5.2,8.216,8.351,8.586,255940.55,256155.05,276062.63,8.5
2019-01-04,7.81,8.14,7.77,223709.81,0.14,1.76,8.168,8.346,8.629,237111.36,258201.01,295169.67,8.08
2019-01-03,8.44,8.44,7.88,280630.12,-0.34,-4.11,8.248,8.372,8.69,225716.34,267946.87,316593.91,7.94
2019-01-02,8.3,8.41,8.21,143613.67,0.0,0.0,8.376,8.454,8.722,228241.15,256369.88,311927.52,8.28
2018-12-28,8.29,8.33,7.84,325807.66,0.02,0.24,8.454,8.496,8.742,252617.78,264115.89,324667.01,8.28
2018-12-27,8.59,8.66,8.2,211795.56,-0.22,-2.59,8.486,8.537,8.752,256369.55,267358.28,321714.48,8.26
2018-12-26,8.74,8.74,8.43,166734.69,-0.1,-1.17,8.524,8.611,8.758,279290.66,274951.44,329967.72,8.48
2018-12-25,8.54,8.82,8.45,293254.19,-0.09,-1.04,8.496,8.658,8.759,310177.41,286949.08,350678.7,8.58
2018-12-24,8.36,8.7,8.28,265496.78,0.23,2.73,8.532,8.7,8.73,284498.61,275734.4,347939.14,8.67
2018-12-21,8.51,8.7,8.2,344566.53,-0.01,-0.12,8.538,8.727,8.685,275614.01,289908.29,342250.99,8.44
2018-12-20,8.36,8.68,8.31,326401.12,0.11,1.32,8.588,8.821,8.652,278347.0,295970.2,335120.47,8.45
2018-12-19,8.76,8.76,8.23,321168.41,-0.42,-4.79,8.698,8.911,8.624,270612.23,332138.34,330775.16,8.34
2018-12-18,8.77,8.85,8.65,164860.22,0.06,0.69,8.82,9.008,8.605,263720.75,365240.95,334564.1,8.76
2018-12-17,8.75,8.82,8.51,221073.78,0.01,0.12,8.868,8.99,8.548,266970.18,367485.16,342438.84,8.7
2018-12-14,9.03,9.08,8.6,358231.47,-0.31,-3.44,8.916,8.987,8.506,304202.57,385218.13,351772.26,8.69
2018-12-13,8.97,9.12,8.73,287727.25,0.05,0.56,9.054,8.966,8.471,313593.41,376070.68,352196.0,9.0
2018-12-12,9.0,9.29,8.92,286711.03,-0.05,-0.56,9.124,8.905,8.418,393664.45,384983.99,351653.26,8.95
2018-12-11,8.94,9.04,8.86,181107.38,0.06,0.67,9.196,8.86,8.371,466761.14,414408.33,349687.31,9.0
2018-12-10,9.25,9.45,8.93,407235.72,-0.44,-4.69,9.112,8.759,8.324,468000.14,420143.88,361170.26,8.94
2018-12-07,9.38,9.43,9.02,405185.66,0.03,0.32,9.058,8.643,8.288,466233.7,394593.68,364535.26,9.38
2018-12-06,9.22,9.83,9.18,688082.44,0.04,0.43,8.878,8.483,8.203,438547.95,374270.73,355677.66,9.35
2018-12-05,8.45,9.38,8.41,652194.5,0.73,8.51,8.686,8.337,8.124,376303.54,329411.98,341367.9,9.31
2018-12-04,8.61,8.72,8.51,187302.38,-0.09,-1.04,8.524,8.201,8.036,362055.52,303887.25,329536.52,8.58
2018-12-03,8.9,9.09,8.55,398403.5,0.19,2.24,8.406,8.106,7.997,372287.62,317392.52,364613.37,8.67
2018-11-30,8.34,8.59,8.27,266756.91,0.09,1.07,8.228,8.025,7.95,322953.67,318326.39,364688.01,8.48
2018-11-29,8.56,8.8,8.37,376860.41,-0.11,-1.29,8.088,7.976,7.878,309993.51,328321.33,394891.52,8.39
2018-11-28,7.98,8.66,7.93,580954.38,0.51,6.38,7.988,7.931,7.786,282520.42,318322.53,402354.49,8.5
2018-11-27,7.87,8.1,7.82,238462.88,0.21,2.7,7.878,7.881,7.681,245718.99,284966.3,388303.08,7.99
2018-11-26,7.73,7.84,7.65,151733.78,0.0,0.0,7.806,7.888,7.588,262497.43,302196.65,388495.74,7.78
2018-11-23,7.91,7.98,7.66,201956.08,-0.11,-1.39,7.822,7.933,7.5,313699.12,334476.85,400798.51,7.78
2018-11-22,7.97,8.07,7.85,239494.97,-0.06,-0.76,7.864,7.923,7.407,346649.16,337084.59,399692.69,7.89
2018-11-21,7.57,8.06,7.42,396947.22,0.32,4.19,7.874,7.91,7.309,354124.64,353323.83,403345.85,7.95
2018-11-20,7.79,7.97,7.59,322355.09,-0.23,-2.93,7.884,7.87,7.199,324213.6,355185.79,394497.67,7.63
2018-11-19,8.01,8.08,7.66,407742.22,-0.13,-1.63,7.97,7.888,7.104,341895.87,411834.21,396973.72,7.86
2018-11-16,8.06,8.25,7.96,366706.28,0.05,0.63,8.044,7.875,6.996,355254.57,411049.63,392200.4,7.99
2018-11-15,7.93,8.0,7.83,276872.38,-0.06,-0.75,7.982,7.779,6.867,327520.03,461461.71,390169.14,7.94
2018-11-14,8.12,8.15,7.9,247392.05,-0.06,-0.74,7.946,7.641,6.722,352523.01,486386.45,384692.95,8.0
2018-11-13,8.13,8.44,8.03,410766.41,-0.17,-2.07,7.856,7.481,6.585,386157.98,491639.86,380233.87,8.06
2018-11-12,7.65,8.36,7.65,474535.75,0.55,7.16,7.806,7.288,6.441,481772.55,474794.83,371825.34,8.23
2018-11-09,7.64,7.78,7.56,228033.55,-0.08,-1.03,7.706,7.067,6.3,466844.68,467120.18,358022.93,7.68
2018-11-08,7.65,7.84,7.47,401887.31,0.21,2.78,7.576,6.89,6.193,595403.39,462300.79,365479.97,7.76
2018-11-07,7.72,7.86,7.53,415566.88,-0.26,-3.33,7.336,6.707,6.092,620249.88,453367.88,364858.51,7.55
2018-11-06,7.97,8.08,7.52,888839.25,0.08,1.03,7.106,6.528,6.026,597121.74,433809.55,360240.55,7.81
2018-11-05,7.72,7.73,7.41,399896.41,0.7,9.96,6.77,6.319,5.959,467817.12,382113.24,325627.22,7.73
2018-11-02,6.88,7.17,6.74,870827.12,0.47,7.17,6.428,6.116,5.894,467395.68,373351.17,315596.84,7.03
2018-11-01,6.45,6.72,6.45,526119.75,0.16,2.5,6.204,5.955,5.876,329198.18,318876.57,287805.78,6.56
2018-10-31,6.13,6.43,6.13,299926.19,0.27,4.41,6.078,5.803,5.874,286485.87,282999.46,276380.19,6.4
2018-10-30,6.08,6.17,6.0,242316.11,0.11,1.83,5.95,5.688,5.887,270497.35,268827.87,284734.52,6.13
2018-10-29,6.05,6.17,5.93,397789.25,0.11,1.86,5.868,5.594,5.9,296409.36,268855.84,281035.53,6.02
2018-10-26,5.98,6.06,5.86,179839.58,-0.02,-0.34,5.804,5.532,5.92,279306.66,248925.67,273380.45,5.91
2018-10-25,5.6,5.93,5.52,312558.22,0.17,2.95,5.706,5.495,5.937,308554.96,268659.16,271715.85,5.93
2018-10-24,5.7,5.82,5.61,219983.58,0.04,0.7,5.528,5.476,5.954,279513.05,276349.14,268340.33,5.76
2018-10-23,5.71,5.97,5.61,371876.16,0.02,0.35,5.426,5.523,5.981,267158.4,286671.56,272664.38,5.72
2018-10-22,5.44,5.85,5.44,312275.78,0.28,5.17,5.32,5.599,6.014,241302.33,269141.2,268410.93,5.7
2018-10-19,5.01,5.45,4.96,326081.06,0.38,7.54,5.26,5.672,6.057,218544.68,257842.5,269791.74,5.42
2018-10-18,5.21,5.24,5.02,167348.66,-0.21,-4.0,5.284,5.797,6.101,228763.37,256734.99,262623.61,5.04
2018-10-17,5.35,5.37,5.13,158210.34,0.06,1.16,5.424,5.945,6.167,273185.24,269760.92,260686.92,5.25
2018-10-16,5.4,5.49,5.16,242595.81,-0.21,-3.89,5.62,6.086,6.222,306184.71,300641.17,259040.99,5.19
2018-10-15,5.53,5.63,5.32,198487.55,-0.14,-2.53,5.878,6.205,6.278,296980.07,293215.23,256260.43,5.4
2018-10-12,5.64,5.74,5.17,377174.47,-0.2,-3.48,6.084,6.307,6.333,297140.32,297835.22,254434.65,5.54
2018-10-11,5.99,6.03,5.68,389458.03,-0.49,-7.87,6.31,6.379,6.38,284706.61,274772.53,249240.6,5.74
2018-10-10,6.51,6.61,6.18,323207.69,-0.25,-3.86,6.466,6.432,6.423,266336.61,260331.52,240811.5,6.23
2018-10-09,6.43,6.58,6.32,196572.59,0.05,0.78,6.552,6.439,6.446,295097.62,258657.21,246138.39,6.48
2018-10-08,6.54,6.55,6.4,199288.81,-0.24,-3.6,6.532,6.428,6.455,289450.38,267680.67,261442.28,6.43
2018-09-28,6.55,6.76,6.51,315005.91,0.15,2.3,6.53,6.441,6.453,298530.13,281740.97,269932.22,6.67
2018-09-27,6.68,6.7,6.51,297608.03,-0.14,-2.1,6.448,6.404,6.432,264838.45,268512.24,264734.86,6.52
2018-09-26,6.38,6.83,6.38,467012.78,0.28,4.39,6.398,6.388,6.415,254326.43,251612.93,259012.16,6.66
2018-09-25,6.36,6.4,6.29,168336.39,-0.04,-0.62,6.326,6.358,6.395,222216.79,217440.81,249464.5,6.38
2018-09-21,6.29,6.48,6.16,244687.53,0.16,2.56,6.324,6.351,6.384,245910.95,219305.63,258599.16,6.42
2018-09-20,6.27,6.37,6.22,146547.52,-0.01,-0.16,6.352,6.358,6.357,264951.82,211034.07,252499.03,6.26
2018-09-19,6.25,6.38,6.16,245047.94,-0.03,-0.48,6.36,6.381,6.338,272186.03,223708.67,254243.57,6.27
2018-09-18,6.35,6.37,6.08,306464.59,-0.07,-1.1,6.378,6.414,6.314,248899.42,221291.47,251414.54,6.3
2018-09-17,6.55,6.55,6.34,286807.16,-0.19,-2.9,6.39,6.452,6.295,212664.83,233619.57,251973.88,6.37
2018-09-14,6.31,6.69,6.31,339891.88,0.26,4.13,6.378,6.481,6.266,192700.31,255203.89,252442.32,6.56
2018-09-13,6.4,6.46,6.15,182718.56,-0.06,-0.94,6.364,6.465,6.229,157116.32,258123.47,256600.6,6.3
2018-09-12,6.37,6.45,6.26,128614.91,0.0,0.0,6.402,6.46,6.223,175231.31,260957.48,256137.41,6.36
2018-09-11,6.36,6.44,6.28,125291.64,0.05,0.79,6.45,6.442,6.219,193683.53,266411.39,260402.42,6.36
2018-09-10,6.45,6.53,6.29,186984.56,-0.18,-2.77,6.514,6.432,6.224,254574.31,281488.19,259965.12,6.31
2018-09-07,6.53,6.63,6.43,161971.94,0.0,0.0,6.584,6.417,6.234,317707.46,297892.69,260948.11,6.49
2018-09-06,6.52,6.67,6.42,273293.5,-0.11,-1.67,6.566,6.356,6.238,359130.62,293963.99,262148.67,6.49
2018-09-05,6.7,6.76,6.59,220876.0,-0.08,-1.2,6.518,6.295,6.246,346683.66,284778.48,262932.37,6.6
2018-09-04,6.6,6.75,6.5,429745.56,0.02,0.3,6.434,6.214,6.237,339139.24,281537.6,268036.41,6.68
2018-09-03,6.5,6.75,6.4,502650.31,0.26,4.06,6.35,6.138,6.219,308402.08,270328.19,259831.39,6.66
2018-08-31,6.21,6.54,6.13,369087.72,0.15,2.4,6.25,6.05,6.196,278077.91,249680.76,251469.17,6.4
2018-08-30,6.18,6.28,6.12,211058.69,0.07,1.13,6.146,5.993,6.207,228797.36,255077.73,246344.89,6.25
2018-08-29,6.21,6.23,6.1,183153.94,-0.08,-1.28,6.072,5.986,6.229,222873.3,251317.34,252473.45,6.18
2018-08-28,6.21,6.34,6.15,276059.72,0.1,1.62,5.994,5.995,6.265,223935.95,254393.45,259683.56,6.26
2018-08-27,5.99,6.21,5.96,351029.47,0.28,4.76,5.926,6.016,6.306,232254.31,238442.05,258897.27,6.16
2018-08-24,5.89,5.92,5.82,122684.97,0.0,0.0,5.85,6.05,6.358,221283.6,224003.53,263431.74,5.88
2018-08-23,5.82,5.92,5.78,181438.41,0.09,1.55,5.84,6.12,6.419,281358.1,230333.35,285125.95,5.88
2018-08-22,5.93,5.94,5.74,188467.2,-0.13,-2.2,5.9,6.196,6.475,279761.38,241086.26,302292.61,5.79
2018-08-21,5.78,5.92,5.78,317651.5,0.14,2.42,5.996,6.259,6.529,284850.95,254535.22,324853.5,5.92
2018-08-20,5.88,5.93,5.62,296175.94,-0.04,-0.69,6.106,6.3,6.582,244629.8,249334.59,336798.88,5.78
2018-08-17,6.24,6.26,5.78,423057.47,-0.34,-5.51,6.25,6.342,6.611,226723.46,253257.59,329901.74,5.83
2018-08-16,6.13,6.33,6.11,173454.81,-0.09,-1.44,6.4,6.421,6.635,179308.59,237612.04,320639.2,6.18
2018-08-15,6.42,6.46,6.19,213915.03,-0.2,-3.09,6.492,6.472,6.635,202411.14,253629.55,320544.1,6.27
2018-08-14,6.47,6.56,6.38,116545.73,-0.04,-0.61,6.522,6.534,6.634,224219.5,264973.68,317827.38,6.47
2018-08-13,6.5,6.56,6.32,206644.27,-0.08,-1.22,6.494,6.596,6.629,254039.39,279352.49,320063.62,6.5
2018-08-10,6.64,6.66,6.47,185983.12,-0.06,-0.9,6.434,6.666,6.622,279791.72,302859.95,321962.68,6.58
2018-08-09,6.4,6.72,6.32,288967.53,0.22,3.43,6.442,6.718,6.609,295915.49,339918.56,323724.76,6.64
2018-08-08,6.32,6.65,6.32,322956.84,0.1,1.58,6.452,6.754,6.594,304847.96,363498.96,321683.77,6.42
2018-08-07,6.26,6.33,6.06,265645.19,0.13,2.1,6.546,6.798,6.584,305727.85,395171.78,317810.2,6.33
2018-08-06,6.57,6.57,6.1,335405.94,-0.42,-6.34,6.698,6.864,6.583,304665.59,424263.16,318966.24,6.2
2018-08-03,6.63,6.88,6.53,266601.97,-0.06,-0.9,6.898,6.879,6.594,325928.18,406545.89,314598.31,6.62
2018-08-02,6.85,6.88,6.42,333629.88,-0.2,-2.9,6.994,6.849,6.575,383921.62,403666.36,318256.51,6.69
2018-08-01,7.04,7.14,6.83,327356.28,-0.19,-2.68,7.056,6.797,6.542,422149.96,387458.64,314857.83,6.89
2018-07-31,7.2,7.26,7.02,260333.89,-0.11,-1.53,7.05,6.734,6.513,484615.7,370681.09,312442.51,7.09
2018-07-30,7.12,7.37,7.09,441718.88,0.11,1.55,7.03,6.661,6.478,543860.73,360774.75,318100.1,7.2
2018-07-27,7.15,7.36,7.02,556569.19,0.11,1.57,6.86,6.577,6.435,487163.59,341065.41,327415.09,7.1
2018-07-26,6.83,7.13,6.83,524771.56,0.16,2.34,6.704,6.499,6.425,423411.1,307530.95,311168.14,7.0
2018-07-25,7.18,7.23,6.8,639685.0,-0.13,-1.86,6.538,6.434,6.414,352767.33,279868.58,299787.58,6.86
2018-07-24,6.39,6.99,6.32,556559.0,0.64,10.08,6.418,6.369,6.416,256746.47,240448.62,287725.43,6.99
2018-07-23,6.27,6.37,6.27,158233.2,0.03,0.47,6.292,6.302,6.402,177688.77,213669.33,275202.9,6.35
2018-07-20,6.16,6.35,6.15,237806.75,0.16,2.6,6.294,6.308,6.417,194967.24,222650.73,282956.55,6.32
2018-07-19,6.27,6.32,6.14,171552.69,-0.08,-1.28,6.294,6.301,6.436,191650.81,232846.67,287583.84,6.17
2018-07-18,6.36,6.4,6.24,159580.73,-0.1,-1.57,6.33,6.286,6.458,206969.82,242257.02,301067.69,6.26
2018-07-17,6.36,6.41,6.25,161270.47,0.0,0.0,6.32,6.292,6.478,224150.77,254203.93,331652.1,6.36
2018-07-16,6.34,6.46,6.32,244625.55,0.04,0.63,6.312,6.294,6.479,249649.89,275425.44,354997.74,6.36
2018-07-13,6.35,6.39,6.24,221224.59,-0.02,-0.32,6.322,6.292,6.512,250334.21,313764.77,368427.6,6.32
2018-07-12,6.21,6.43,6.21,248147.77,0.14,2.25,6.308,6.35,6.556,274042.53,314805.32,372712.09,6.35
2018-07-11,6.24,6.26,6.06,245485.48,-0.1,-1.58,6.242,6.394,6.597,277544.21,319706.58,378063.32,6.21
2018-07-10,6.44,6.47,6.23,288766.06,-0.09,-1.4,6.264,6.463,6.656,284257.09,335002.23,399106.56,6.32
2018-07-09,6.33,6.47,6.25,248047.16,0.16,2.56,6.276,6.502,6.696,301201.0,336736.46,438738.27,6.41
2018-07-06,6.1,6.35,6.01,339766.16,0.23,3.82,6.262,6.526,6.77,377195.33,343262.37,451966.45,6.25
2018-07-05,6.35,6.39,5.98,265656.19,-0.3,-4.75,6.392,6.571,6.857,355568.11,342321.01,471049.69,6.02
2018-07-04,6.3,6.5,6.27,279049.88,-0.06,-0.94,6.546,6.63,6.955,361868.94,359878.37,539170.07,6.32
2018-07-03,6.3,6.41,6.11,373485.59,0.04,0.63,6.662,6.664,7.064,385747.37,409100.28,530308.93,6.38
2018-07-02,6.91,6.91,6.25,628018.81,-0.56,-8.12,6.728,6.663,7.216,372271.93,434570.03,517400.15,6.34
2018-06-29,6.85,6.91,6.77,231630.09,0.12,1.77,6.79,6.732,7.424,309329.42,423090.44,514631.17,6.9
2018-06-28,6.88,6.93,6.76,297160.34,-0.11,-1.59,6.75,6.762,7.643,329073.91,430618.87,514767.58,6.79
2018-06-27,6.74,7.02,6.66,398442.0,0.19,2.83,6.714,6.8,7.859,357887.8,436420.06,513624.81,6.9
2018-06-26,6.5,6.76,6.4,306108.41,0.07,1.05,6.666,6.849,8.066,432453.19,463210.89,507978.86,6.71
2018-06-25,6.78,6.87,6.62,313306.25,-0.06,-0.89,6.598,6.89,8.301,496868.13,540740.09,505123.34,6.65
2018-06-22,6.68,6.73,6.5,330352.53,0.11,1.67,6.674,7.014,8.531,536851.46,560670.53,507889.98,6.7
2018-06-21,6.68,6.78,6.51,441229.81,-0.04,-0.6,6.774,7.143,8.777,532163.83,599778.37,503061.37,6.61
2018-06-20,6.31,6.8,6.12,771268.94,0.3,4.72,6.886,7.28,9.044,514952.31,718461.77,494853.0,6.66
2018-06-19,6.94,6.96,6.32,628183.12,-0.65,-9.26,7.032,7.463,9.317,493968.59,651517.57,471970.21,6.37
2018-06-15,7.24,7.25,6.77,513222.88,-0.17,-2.36,7.182,7.769,9.59,584612.04,600230.26,454667.36,7.03
2018-06-14,7.23,7.28,7.1,306914.41,0.03,0.42,7.354,8.115,9.836,584489.6,606171.9,447854.25,7.2
2018-06-13,7.41,7.42,7.12,355172.22,-0.22,-2.98,7.512,8.524,10.09,667392.91,598916.29,444418.03,7.17
2018-06-12,7.3,7.45,7.16,666350.31,0.27,3.79,7.674,8.918,10.358,921971.22,590829.57,438651.63,7.39
2018-06-11,7.84,7.88,7.08,1081400.38,-0.75,-9.53,7.894,9.283,10.636,809066.56,552746.84,416772.33,7.12
2018-06-08,7.94,8.06,7.8,512610.66,-0.1,-1.25,8.356,9.711,10.912,615848.48,469506.59,371822.08,7.89
2018-06-07,7.9,8.14,7.77,721431.0,0.01,0.12,8.876,10.048,11.148,627854.21,455109.44,355753.59,7.99
2018-06-06,8.3,8.58,7.64,1628063.75,-0.51,-6.01,9.536,10.411,11.384,530439.67,406344.36,328289.42,7.98
2018-06-05,8.49,8.49,8.49,101827.0,-0.94,-9.97,10.162,10.807,11.615,259687.91,271244.22,261657.66,8.49
2018-06-04,9.43,9.43,9.43,115310.0,-1.05,-10.02,10.672,11.17,11.839,296427.12,292422.85,272929.69,9.43
2018-06-01,11.18,11.2,10.32,572639.31,-0.79,-7.0,11.066,11.411,12.029,323164.7,309104.45,288865.72,10.49
2018-05-31,11.24,11.31,10.96,234358.28,0.17,1.53,11.22,11.557,12.109,282364.67,289536.6,276701.31,11.29
2018-05-30,11.0,11.3,10.74,274304.97,0.08,0.72,11.286,11.655,12.165,282249.05,289919.77,281262.04,11.11
2018-05-29,11.38,11.49,10.88,285523.06,-0.36,-3.16,11.452,11.798,12.211,282800.53,286473.7,279097.52,11.04
2018-05-28,11.28,11.53,11.26,248997.88,0.13,1.15,11.668,11.988,12.248,288418.58,280797.83,279621.34,11.4
2018-05-25,11.74,11.74,11.1,368639.16,-0.37,-3.18,11.756,12.113,12.274,295044.21,274137.57,283744.83,11.26
2018-05-24,12.0,12.04,11.56,233780.19,-0.32,-2.68,11.894,12.248,12.291,296708.53,256397.74,285281.74,11.62
2018-05-23,12.46,12.5,11.82,277062.38,-0.18,-1.49,12.024,12.357,12.308,297590.48,250234.48,301353.1,11.94
2018-05-22,11.94,12.18,11.75,313613.31,0.3,2.54,12.144,12.423,12.282,290146.87,252071.1,309455.77,12.12
2018-05-21,12.12,12.15,11.8,282126.0,-0.05,-0.42,12.308,12.508,12.261,273177.07,253436.53,313419.85,11.84
2018-05-18,12.31,12.31,11.7,376960.78,-0.32,-2.61,12.47,12.646,12.255,253230.93,268627.0,344040.24,11.95
2018-05-17,12.61,12.66,12.23,238189.94,-0.25,-2.0,12.602,12.661,12.209,216086.96,263866.02,369140.1,12.27
2018-05-16,12.72,12.88,12.38,239844.3,-0.41,-3.17,12.69,12.675,12.097,202878.48,272604.31,370694.4,12.54
2018-05-15,12.78,13.0,12.7,228764.31,0.3,2.37,12.702,12.624,11.993,213995.32,271721.34,365361.97,12.94
2018-05-14,12.7,12.84,12.5,182395.31,0.03,0.24,12.708,12.508,11.875,233695.99,278444.86,359400.73,12.65
2018-05-11,12.82,12.98,12.59,191240.92,-0.09,-0.71,12.822,12.434,11.778,284023.06,293352.1,357293.82,12.61
2018-05-10,12.61,12.94,12.6,172147.55,0.1,0.79,12.72,12.333,11.682,311645.09,314165.73,361228.82,12.71
2018-05-09,13.01,13.04,12.43,295428.53,-0.36,-2.78,12.66,12.258,11.568,342330.14,352471.73,363870.95,12.6
2018-05-08,13.19,13.19,12.68,327267.62,-0.24,-1.82,12.546,12.14,11.455,329447.36,366840.44,360714.97,12.97
2018-05-07,12.28,13.26,12.21,434030.69,1.14,9.44,12.308,12.013,11.344,323193.73,373403.17,357773.63,13.22
2018-05-04,12.29,12.99,12.06,329351.06,-0.14,-1.14,12.046,11.864,11.209,302681.14,419453.48,348665.01,12.1
2018-05-03,11.99,12.6,11.93,325572.78,0.38,3.16,11.946,11.757,11.136,316686.37,474414.19,342913.51,12.41
2018-05-02,11.78,12.09,11.75,231014.66,0.25,2.12,11.856,11.518,11.046,362613.31,468784.49,337764.38,12.03
2018-04-27,12.05,12.06,11.63,295999.44,-0.14,-1.17,11.734,11.362,10.965,404233.51,459002.61,334359.86,11.78
2018-04-26,11.64,11.97,11.64,331467.75,0.32,2.76,11.718,11.242,10.892,423612.62,440356.61,335287.29,11.91
2018-04-25,11.88,12.03,11.57,399377.22,-0.35,-2.93,11.682,11.121,10.83,536225.82,421235.55,333842.7,11.6
2018-04-24,11.46,12.1,11.46,555207.5,0.53,4.64,11.568,11.031,10.769,632142.0,408291.91,329510.15,11.96
2018-04-23,11.65,11.95,11.26,439115.66,-0.27,-2.31,11.18,10.878,10.686,574955.67,375270.18,320628.54,11.42
2018-04-20,11.8,11.92,11.52,392894.97,-0.03,-0.26,10.99,10.769,10.655,513771.7,354589.5,317412.01,11.7
2018-04-19,10.95,12.13,10.9,894533.75,0.7,6.35,10.766,10.674,10.615,457100.6,342144.09,336821.62,11.73
2018-04-18,10.23,11.04,10.23,878958.12,0.99,9.86,10.56,10.553,10.534,306245.28,277876.55,300211.99,11.03
2018-04-17,10.47,10.48,10.0,269275.84,-0.45,-4.3,10.494,10.514,10.485,184441.82,211412.83,263324.88,10.02
2018-04-16,10.58,10.65,10.33,133195.81,-0.1,-0.95,10.576,10.574,10.486,175584.68,206744.27,258205.55,10.47
2018-04-13,10.69,10.79,10.51,109539.46,-0.11,-1.03,10.548,10.568,10.474,195407.31,209717.12,261070.85,10.58
2018-04-12,10.63,10.76,10.58,140257.16,0.01,0.09,10.582,10.541,10.466,227187.59,230217.98,264016.71,10.7
2018-04-11,10.48,10.73,10.42,269940.84,0.27,2.59,10.546,10.538,10.455,249507.82,246449.86,267875.79,10.7
2018-04-10,10.37,10.56,10.2,224990.14,0.09,0.87,10.534,10.507,10.452,238383.83,250728.39,271783.79,10.43
2018-04-09,10.72,10.78,10.31,232308.95,-0.42,-3.91,10.572,10.494,10.45,237903.85,265986.91,274219.23,10.33
2018-04-04,10.63,10.85,10.57,268440.84,0.24,2.28,10.588,10.54,10.441,224026.93,280234.52,271799.05,10.75
2018-04-03,10.5,10.83,10.39,251858.33,-0.12,-1.13,10.5,10.555,10.417,233248.37,331499.15,271673.5,10.52
2018-04-02,10.64,10.71,10.52,214320.88,0.02,0.19,10.53,10.514,10.398,243391.89,322547.43,271327.4,10.64
2018-03-30,10.54,10.83,10.5,222590.27,0.2,1.92,10.48,10.455,10.37,263072.96,315236.93,271149.99,10.62
2018-03-29,10.4,10.49,10.16,162924.33,0.1,0.97,10.416,10.398,10.349,294069.96,309666.83,274913.6,10.41
2018-03-28,10.49,10.55,10.25,314548.03,-0.37,-3.46,10.492,10.38,10.352,336442.11,312424.58,286698.97,10.31
2018-03-27,10.55,10.74,10.43,302575.94,0.27,2.6,10.61,10.39,10.341,429749.93,297815.44,280988.72,10.67
2018-03-26,10.08,10.49,10.02,312726.22,0.1,0.97,10.498,10.372,10.313,401702.96,289301.73,280228.84,10.39
2018-03-23,10.45,10.64,9.99,377575.28,-0.46,-4.28,10.43,10.397,10.305,367400.9,292839.18,283170.1,10.3
2018-03-22,11.08,11.17,10.61,374785.09,-0.09,-0.83,10.38,10.405,10.285,325263.71,282451.56,285228.86,10.79
2018-03-21,10.24,11.13,10.2,781087.12,0.78,7.71,10.268,10.342,10.264,288407.04,263363.57,284125.53,10.9
2018-03-20,9.97,10.15,9.86,162341.09,0.07,0.7,10.17,10.278,10.229,165880.94,211847.85,260042.66,10.11
2018-03-19,10.07,10.16,9.86,141215.94,0.0,0.0,10.246,10.281,10.213,176900.51,220107.37,279321.29,10.05
2018-03-16,10.16,10.28,10.04,166889.3,-0.18,-1.76,10.364,10.284,10.197,218277.45,227063.05,292944.47,10.05
2018-03-15,10.42,10.42,10.1,190501.77,-0.19,-1.82,10.43,10.299,10.138,239639.41,240160.37,303228.94,10.23
2018-03-14,10.39,10.52,10.29,168456.62,-0.06,-0.57,10.416,10.324,10.09,238320.09,260973.37,307299.29,10.41
2018-03-13,10.61,10.9,10.44,217438.91,-0.14,-1.32,10.386,10.291,10.038,257814.76,264161.99,315847.09,10.49
2018-03-12,10.38,10.95,10.38,348100.66,0.26,2.5,10.316,10.253,9.981,263314.23,271155.94,341956.89,10.64
2018-03-09,10.16,10.48,10.11,273699.09,0.23,2.27,10.204,10.212,9.96,235848.64,273501.01,365022.29,10.38
2018-03-08,10.25,10.27,10.08,183905.19,-0.09,-0.88,10.168,10.164,10.009,240681.32,288006.16,364591.8,10.16
2018-03-07,10.13,10.38,10.08,265929.94,0.11,1.08,10.232,10.186,10.055,283626.64,304887.49,380869.79,10.26
2018-03-06,10.13,10.29,10.07,244936.27,0.07,0.69,10.196,10.179,10.139,270509.23,308237.47,378266.32,10.14
2018-03-05,10.2,10.25,10.03,210772.73,-0.12,-1.18,10.19,10.144,10.24,278997.65,338535.22,381138.38,10.08
2018-03-02,10.38,10.45,10.12,297862.47,-0.29,-2.77,10.22,10.11,10.336,311153.38,358825.89,387300.33,10.2
2018-03-01,10.11,10.51,10.01,398631.81,0.4,3.97,10.16,9.976,10.435,335331.0,366297.52,383696.34,10.48
2018-02-28,10.0,10.28,9.85,200342.86,-0.02,-0.2,10.14,9.855,10.528,326148.33,353625.21,381384.55,10.08
2018-02-27,10.29,10.42,10.08,287378.38,-0.12,-1.17,10.162,9.784,10.646,345965.7,367532.19,395313.41,10.11
2018-02-26,9.86,10.39,9.86,371551.38,0.32,3.23,10.098,9.709,10.762,398072.79,412757.84,407206.1,10.23
2018-02-23,10.28,10.31,9.75,418750.56,-0.48,-4.62,10.0,9.708,10.86,406498.39,456543.57,413515.0,9.9
2018-02-22,10.48,10.48,10.03,352718.47,0.18,1.76,9.792,9.853,10.94,397264.04,441177.44,414980.46,10.38
2018-02-14,9.88,10.21,9.82,299429.72,0.39,3.98,9.57,9.923,10.976,381102.09,456852.09,413037.34,10.19
2018-02-13,9.82,10.36,9.74,547913.81,0.05,0.51,9.406,10.098,11.021,389098.67,448295.17,437409.78,9.79
2018-02-12,9.01,9.74,9.0,413679.41,0.89,10.06,9.32,10.336,11.125,427442.88,423741.55,425569.04,9.74
2018-02-09,8.96,9.13,8.71,372578.81,-0.41,-4.42,9.416,10.562,11.238,506588.75,415774.78,424883.2,8.86
2018-02-08,9.36,9.52,9.26,271908.72,-0.09,-0.96,9.914,10.893,11.413,485090.83,401095.16,418695.88,9.27
2018-02-07,9.6,9.67,9.25,339412.59,0.01,0.11,10.276,11.201,11.559,532602.09,409143.89,424476.31,9.37
2018-02-06,9.8,9.88,9.2,739634.88,-0.86,-8.41,10.79,11.507,11.716,507491.67,423094.63,429788.48,9.36
2018-02-05,10.99,10.99,10.22,809408.75,-1.13,-9.96,11.352,11.814,11.87,420040.21,401654.36,417692.56,10.22
2018-02-02,11.0,11.47,10.78,265089.19,0.25,2.25,11.708,12.011,11.99,324960.81,370486.43,396968.27,11.35
2018-02-01,11.91,11.99,11.0,509465.06,-0.86,-7.2,11.872,12.027,12.067,317099.5,388783.49,400258.96,11.08
2018-01-31,12.02,12.15,11.86,213860.45,-0.22,-1.81,12.126,12.029,12.168,285685.69,369222.59,395154.12,11.94
2018-01-30,11.99,12.25,11.95,302377.62,0.18,1.5,12.224,11.944,12.209,338697.58,426524.39,404613.64,12.17
2018-01-29,12.18,12.35,11.86,334011.75,-0.17,-1.4,12.276,11.914,12.236,383268.5,427396.53,413283.8,12.0
2018-01-26,12.48,12.53,12.07,225782.61,-0.18,-1.46,12.314,11.913,12.236,416012.04,433991.63,420623.56,12.17
2018-01-25,12.34,12.75,12.3,352396.0,-0.08,-0.64,12.182,11.932,12.22,460467.48,436296.6,426445.22,12.35
2018-01-24,12.4,12.65,12.0,478919.94,0.0,0.0,11.932,11.916,12.194,452759.5,439808.72,431812.09,12.43
2018-01-23,12.29,12.6,12.13,525232.19,0.25,2.05,11.664,11.925,12.191,514351.19,436482.33,437188.82,12.43
2018-01-22,11.51,12.3,11.51,497729.47,0.69,6.0,11.552,11.926,12.216,471524.56,433730.76,440034.84,12.19
2018-01-19,11.2,11.74,11.16,448059.78,0.4,3.6,11.512,11.969,12.264,451971.21,423450.12,459515.85,11.51
2018-01-18,11.14,11.4,11.02,313856.12,0.03,0.27,11.682,12.107,12.291,412125.72,411734.43,465152.56,11.1
2018-01-17,11.88,11.92,10.68,786878.38,-0.78,-6.57,11.9,12.306,12.318,426857.94,421085.65,470142.78,11.09
2018-01-16,11.85,12.18,11.73,311099.06,-0.12,-1.0,12.186,12.474,12.321,358613.48,382702.9,441134.42,11.87
2018-01-15,12.29,12.29,11.73,399962.72,-0.37,-2.99,12.3,12.557,12.281,395936.96,399171.07,439431.39,11.99
2018-01-12,12.17,12.46,12.01,248832.34,0.16,1.31,12.426,12.558,12.251,394929.03,407255.49,433198.65,12.36
2018-01-11,12.4,12.4,12.0,387517.22,-0.32,-2.56,12.532,12.507,12.224,411343.13,416593.84,434784.11,12.19
2018-01-10,12.37,12.81,12.26,445656.06,0.07,0.56,12.712,12.472,12.196,415313.36,423815.47,432372.38,12.52
2018-01-09,12.85,13.0,12.25,497716.44,-0.18,-1.43,12.762,12.456,12.139,406792.33,437895.3,437414.49,12.44
2018-01-08,12.78,12.78,12.26,394923.09,-0.26,-2.02,12.814,12.506,12.108,402405.19,446338.92,446223.41,12.62
2018-01-05,13.07,13.3,12.72,330902.84,-0.2,-1.53,12.69,12.558,12.013,419581.95,495581.57,452719.72,12.89
2018-01-04,12.77,13.22,12.5,407368.38,0.31,2.43,12.482,12.474,11.895,421844.55,518570.7,456645.7,13.09
2018-01-03,12.73,13.21,12.53,403050.88,0.06,0.47,12.232,12.329,11.766,432317.57,519199.91,475454.87,12.77
2018-01-02,12.2,12.86,11.97,475780.75,0.59,4.87,12.15,12.168,11.672,468998.28,499565.93,477807.52,12.7
2017-12-29,11.9,12.25,11.68,480806.91,0.16,1.35,12.198,12.004,11.606,490272.64,479691.71,471711.76,12.0
2017-12-28,11.68,12.26,11.46,342215.84,0.01,0.08,12.426,11.944,11.566,571581.19,459141.81,471708.11,11.85
2017-12-27,12.11,12.2,11.71,459733.47,-0.52,-4.21,12.466,11.94,11.533,615296.84,452974.38,494120.42,11.84
2017-12-26,12.93,12.94,11.75,586454.44,-0.59,-4.56,12.426,11.919,11.55,606082.25,440929.29,489808.21,12.36
2017-12-25,13.0,13.66,12.86,582152.56,-0.21,-1.6,12.186,11.822,11.544,530133.58,436933.69,480016.86,12.94
2017-12-22,12.14,13.23,12.14,887349.62,1.11,9.23,11.81,11.709,11.477,469110.78,446107.9,474593.71,13.14
2017-12-21,11.56,12.35,11.19,560794.12,0.41,3.52,11.462,11.468,11.448,346702.43,409857.87,465428.98,12.05
2017-12-20,11.17,11.7,11.05,413660.5,0.49,4.39,11.414,11.315,11.461,290651.91,394720.69,466256.17,11.64
2017-12-19,11.08,11.34,10.92,206711.09,0.1,0.9,11.412,11.203,11.563,275776.32,431709.82,479625.8,11.16
2017-12-18,11.48,11.59,10.84,277038.59,-0.35,-3.07,11.458,11.175,11.716,343733.79,456049.12,502401.75,11.06
2017-12-15,11.69,11.73,11.32,275307.84,-0.41,-3.47,11.608,11.207,11.862,423105.01,463731.82,520105.79,11.4
2017-12-14,11.59,11.82,11.45,280541.53,0.15,1.29,11.474,11.187,11.942,473013.32,484274.42,543287.21,11.81
2017-12-13,11.34,11.7,11.28,339282.56,0.23,2.02,11.216,11.126,12.021,498789.48,535266.46,561687.77,11.63
2017-12-12,11.7,11.89,11.26,546498.44,-0.42,-3.56,10.994,11.181,12.063,587643.33,538687.14,578847.17,11.39
2017-12-11,10.61,11.81,10.45,673894.69,1.07,9.96,10.892,11.265,12.128,568364.44,523100.04,593344.77,11.81
2017-12-08,10.58,10.98,10.28,524849.38,0.21,2.0,10.806,11.245,12.201,504358.62,503079.51,603575.8,10.73
2017-12-07,10.45,10.68,10.26,409422.31,0.0,0.0,10.9,11.428,12.285,495535.51,521000.09,619786.89,10.52
2017-12-06,10.99,11.04,9.95,783551.81,-0.37,-3.4,11.036,11.606,12.323,571743.45,537791.65,627565.68,10.52
2017-12-05,11.32,11.5,10.8,450104.0,-0.5,-4.39,11.368,11.922,12.356,489730.95,527541.78,622769.66,10.88
2017-12-04,11.35,11.74,11.33,353865.59,0.15,1.34,11.638,12.257,12.338,477835.65,548754.38,635971.24,11.38
2017-12-01,11.2,11.67,11.2,480733.84,-0.04,-0.36,11.684,12.517,12.276,501800.41,576479.76,645910.05,11.2
2017-11-30,12.12,12.12,10.96,790462.0,-0.98,-8.05,11.956,12.697,12.192,546464.68,602300.0,641784.69,11.2
2017-11-29,12.41,12.47,11.81,373489.34,-0.03,-0.25,12.176,12.915,12.133,503839.85,588109.08,612070.11,12.18
2017-11-28,11.75,12.23,11.69,390627.47,0.62,5.34,12.476,12.944,12.03,565352.6,619007.2,612541.92,12.23
2017-11-27,12.53,12.53,11.5,473689.38,-0.95,-7.56,12.876,12.99,11.91,619673.11,663589.5,605014.71,11.61
2017-11-24,11.85,12.93,11.38,704055.19,0.26,2.11,13.35,13.156,11.811,651159.11,704072.08,602362.75,12.56
2017-11-23,13.5,13.5,12.3,577337.88,-1.37,-10.02,13.438,13.142,11.687,658135.31,718573.7,580453.64,12.3
2017-11-22,14.26,14.26,13.05,681053.06,-0.53,-3.73,13.654,13.04,11.582,672378.31,717339.7,576606.02,13.68
2017-11-21,13.96,14.68,13.8,662230.06,0.26,1.86,13.412,12.79,11.393,672661.8,717997.54,551972.23,14.23
2017-11-20,13.1,14.2,12.8,631119.38,0.95,7.29,13.104,12.419,11.177,707505.89,723188.1,534650.15,13.98
2017-11-17,13.31,14.42,12.8,738936.19,-0.39,-2.91,12.962,12.034,10.962,756985.05,715340.33,517510.66,13.0
2017-11-16,12.73,13.52,12.5,648552.88,0.9,7.21,12.846,11.687,10.792,779012.08,681269.39,496605.17,13.38
2017-11-15,12.83,12.88,12.04,682470.5,-0.21,-1.66,12.426,11.351,10.588,762301.09,636031.14,477478.8,12.47
2017-11-14,13.12,13.66,12.54,836450.5,-0.6,-4.51,12.168,11.115,10.424,763333.28,606076.64,453711.9,12.69
2017-11-13,12.67,13.66,12.64,878515.19,0.85,6.84,11.734,10.83,10.259,738870.31,546439.93,426354.84,13.27
2017-11-10,11.48,12.42,11.32,849071.31,1.13,10.01,11.106,10.466,10.062,673695.61,500653.41,404450.25,12.42
2017-11-09,11.02,11.63,10.99,564997.94,0.1,0.89,10.528,10.231,9.93,583526.7,442333.58,375233.57,11.28
2017-11-08,10.57,11.38,10.57,687631.44,0.66,6.27,10.276,10.123,9.853,509761.19,435872.34,365178.61,11.18
2017-11-07,10.53,10.81,10.31,714135.69,0.39,3.85,10.062,9.996,9.805,448820.0,385946.92,350236.31,10.52
2017-11-06,9.43,10.15,9.41,552641.69,0.6,6.3,9.926,9.935,9.788,354009.54,346112.2,332602.52,10.13
2017-11-03,10.0,10.06,9.39,398226.72,-0.49,-4.89,9.826,9.89,9.783,327611.2,319680.99,330248.11,9.53
2017-11-02,10.01,10.18,9.93,196170.41,-0.09,-0.89,9.934,9.897,9.778,301140.46,311940.95,326925.08,10.02
2017-11-01,9.8,10.21,9.72,382925.47,0.27,2.74,9.97,9.825,9.76,361983.49,318926.46,343288.67,10.11
2017-10-31,9.64,9.85,9.51,240083.41,0.21,2.18,9.93,9.732,9.714,323073.85,301347.17,340698.11,9.84
2017-10-30,10.09,10.12,9.51,420650.0,-0.44,-4.37,9.944,9.687,9.666,338214.86,306269.76,352896.67,9.63
2017-10-27,10.15,10.29,9.95,265873.03,-0.13,-1.27,9.954,9.657,9.645,311750.77,308247.1,344397.73,10.07
2017-10-26,9.9,10.4,9.8,500385.56,0.29,2.93,9.86,9.629,9.603,322741.43,308133.56,349508.13,10.2
2017-10-25,9.88,10.16,9.85,188377.23,0.0,0.0,9.68,9.582,9.551,275869.42,294484.89,345969.21,9.91
2017-10-24,9.7,9.98,9.53,315788.5,0.23,2.38,9.534,9.614,9.53,279620.5,314525.71,360074.16,9.91
2017-10-23,9.77,9.89,9.45,288329.53,0.08,0.83,9.43,9.64,9.502,274324.66,319092.84,383791.63,9.68
2017-10-20,9.28,9.75,9.18,320826.34,0.3,3.23,9.36,9.676,9.498,304743.42,340815.24,393919.79,9.6
2017-10-19,9.19,9.36,9.07,266025.5,0.12,1.31,9.398,9.659,9.466,293525.68,341909.22,399142.05,9.3
2017-10-18,9.38,9.46,9.14,207132.61,-0.21,-2.24,9.484,9.694,9.461,313100.35,367650.88,416227.99,9.18
2017-10-17,9.33,9.55,9.04,289309.31,0.06,0.64,9.694,9.695,9.451,349430.92,380049.05,440460.18,9.39
2017-10-16,9.79,9.85,9.31,440423.34,-0.46,-4.7,9.85,9.645,9.404,363861.02,399523.58,481059.31,9.33
2017-10-13,9.79,10.13,9.69,264737.66,0.06,0.62,9.992,9.632,9.352,376887.06,380548.37,493917.8,9.79
2017-10-12,10.12,10.13,9.69,363898.84,-0.5,-4.89,9.92,9.577,9.249,390292.75,390882.69,493497.21,9.73
2017-10-11,10.15,10.65,9.96,388785.44,0.06,0.59,9.904,9.52,9.142,422201.4,397453.54,489225.26,10.23
2017-10-10,9.95,10.22,9.79,361459.81,0.13,1.29,9.696,9.446,9.021,410667.18,405622.62,488917.22,10.17
2017-10-09,9.5,10.17,9.31,505553.56,0.61,6.47,9.44,9.364,8.898,435186.15,448490.42,498659.1,10.04
2017-09-29,9.63,9.64,9.35,331766.12,-0.22,-2.28,9.272,9.319,8.775,384209.68,447024.35,486197.84,9.43
2017-09-28,9.19,9.83,9.17,523442.09,0.46,5.0,9.234,9.272,8.681,391472.63,456374.89,484184.73,9.65
2017-09-27,8.98,9.27,8.78,331114.31,0.3,3.38,9.136,9.228,8.572,372705.67,464805.1,470614.63,9.19
2017-09-26,9.2,9.3,8.72,484054.66,-0.31,-3.37,9.196,9.206,8.481,400578.06,500871.3,473909.99,8.89
2017-09-25,9.32,9.54,9.16,250671.23,-0.04,-0.43,9.288,9.162,8.395,461794.69,562595.04,458293.98,9.2
2017-09-22,9.25,9.55,9.19,368080.88,0.08,0.87,9.366,9.071,8.292,509839.01,607287.22,459803.0,9.24
2017-09-21,9.52,9.73,9.13,429607.25,-0.33,-3.48,9.31,8.92,8.188,521277.14,596111.72,450259.58,9.16
2017-09-20,9.5,9.58,9.11,470476.28,0.14,1.5,9.32,8.763,8.087,556904.52,580996.98,438733.1,9.49
2017-09-19,9.58,10.23,9.29,790137.81,-0.24,-2.5,9.216,8.596,7.975,601164.54,572211.81,425313.76,9.35
2017-09-18,9.03,9.68,9.0,490892.84,0.63,7.03,9.036,8.432,7.874,663395.38,548827.78,409352.58,9.59
2017-09-15,9.17,9.18,8.8,425271.5,-0.25,-2.71,8.776,8.231,7.748,704735.43,525371.34,398521.56,8.96
2017-09-14,9.05,9.48,9.05,607744.19,0.24,2.68,8.53,8.09,7.649,670946.31,511994.57,403631.7,9.21
2017-09-13,8.66,8.99,8.65,691776.38,0.52,6.15,8.206,7.916,7.544,605089.43,476424.17,382416.71,8.97
2017-09-12,8.33,9.08,8.31,1101292.0,0.16,1.93,7.976,7.755,7.449,543259.08,446948.69,358317.59,8.45
2017-09-11,7.87,8.39,7.87,697593.06,0.56,7.25,7.828,7.628,7.385,434260.18,353992.92,313714.36,8.29
2017-09-08,7.63,7.83,7.55,256325.91,0.14,1.84,7.686,7.513,7.33,346007.25,312318.77,296415.63,7.73
2017-09-07,7.86,7.92,7.53,278459.78,-0.23,-2.94,7.65,7.456,7.289,353042.83,304407.44,306520.53,7.59
2017-09-06,7.75,7.97,7.64,382624.66,0.11,1.43,7.626,7.411,7.269,347758.91,296469.23,315772.68,7.82
2017-09-05,7.56,7.89,7.45,556297.5,0.13,1.72,7.534,7.354,7.247,350638.29,278415.71,316173.55,7.71
2017-09-04,7.6,7.65,7.42,256328.38,0.03,0.4,7.428,7.316,7.239,273725.65,269877.38,321427.93,7.58
2017-09-01,7.44,7.72,7.41,291503.84,0.08,1.07,7.34,7.264,7.22,278630.3,271671.79,331976.99,7.55
2017-08-31,7.32,7.5,7.23,252040.19,0.11,1.5,7.262,7.208,7.193,255772.06,295268.82,343112.55,7.47
2017-08-30,7.29,7.48,7.13,397021.53,0.18,2.51,7.196,7.172,7.175,245179.54,288409.24,365187.86,7.36
2017-08-29,7.14,7.21,7.07,171734.3,0.04,0.56,7.174,7.142,7.153,206193.13,269686.49,369150.1,7.18
2017-08-28,7.15,7.21,7.05,280851.62,-0.02,-0.28,7.204,7.142,7.15,266029.11,273435.8,418294.1,7.14
2017-08-25,7.14,7.21,7.03,177212.64,0.02,0.28,7.188,7.146,7.148,264713.28,280512.48,445947.38,7.16
2017-08-24,7.26,7.29,7.09,199077.59,-0.11,-1.52,7.154,7.122,7.113,334765.59,308633.61,454656.56,7.14
2017-08-23,7.31,7.38,7.2,202089.52,-0.08,-1.09,7.148,7.126,7.065,331638.94,335076.14,449670.99,7.25
2017-08-22,7.06,7.36,7.04,470914.16,0.27,3.82,7.11,7.14,7.01,333179.84,353931.4,443367.27,7.33
2017-08-21,6.9,7.1,6.77,274272.47,0.07,1.0,7.08,7.161,6.952,280842.5,372978.48,425380.12,7.06
2017-08-18,7.05,7.08,6.59,527474.19,-0.12,-1.69,7.104,7.176,6.906,296311.68,392282.19,417248.82,6.99
2017-08-17,7.1,7.18,7.03,183444.38,0.05,0.71,7.09,7.177,6.859,282501.63,390956.29,395037.89,7.11
2017-08-16,7.23,7.25,7.02,209793.98,-0.12,-1.67,7.104,7.178,6.807,338513.34,441966.49,394262.01,7.06
2017-08-15,7.3,7.31,7.07,209227.48,0.0,0.0,7.17,7.164,6.752,374682.96,468613.71,388592.15,7.18
2017-08-14,7.03,7.32,7.0,351618.38,0.26,3.76,7.242,7.157,6.684,465114.46,563152.4,380347.57,7.18
2017-08-11,7.13,7.29,6.89,458423.91,-0.26,-3.62,7.248,7.15,6.611,488252.71,611382.29,368312.8,6.92
2017-08-10,7.59,7.64,7.01,463502.97,-0.21,-2.84,7.264,7.104,6.563,499410.95,600679.52,348184.83,7.18
2017-08-09,7.46,7.66,7.27,390642.06,-0.15,-1.99,7.252,7.004,6.502,545419.63,564265.84,329006.88,7.39
2017-08-08,7.26,7.68,7.23,661385.0,0.33,4.58,7.158,6.879,6.428,562544.46,532803.14,313422.55,7.54
2017-08-07,7.05,7.34,6.88,467309.59,0.21,3.0,7.072,6.743,6.346,661190.34,477781.77,284650.59,7.21
2017-08-04,7.15,7.26,6.98,514215.12,-0.12,-1.69,7.052,6.635,6.287,734511.87,442215.45,267668.98,7.0
2017-08-03,7.02,7.23,6.95,693546.38,0.2,2.89,6.944,6.541,6.237,701948.09,399119.49,249998.39,7.12
2017-08-02,7.1,7.14,6.87,476266.22,-0.19,-2.67,6.756,6.435,6.181,583112.05,346557.53,220382.99,6.92
2017-08-01,7.24,7.5,6.93,1154614.38,0.0,0.0,6.6,6.339,6.135,503061.81,308570.58,202737.17,7.11
2017-07-31,6.5,7.11,6.49,833917.25,0.65,10.06,6.414,6.21,6.083,294373.19,197542.74,154731.85,7.11
2017-07-28,6.16,6.52,6.13,351396.22,0.28,4.53,6.218,6.071,6.026,149919.04,125243.31,126026.59,6.46
2017-07-27,6.14,6.24,6.1,99366.18,0.04,0.65,6.138,6.021,5.982,96290.88,95690.14,109867.35,6.18
2017-07-26,6.18,6.2,6.06,76015.02,-0.04,-0.65,6.114,6.0,5.95,110003.01,93747.92,106735.95,6.14
2017-07-25,6.11,6.2,6.03,111171.29,0.05,0.82,6.078,5.976,5.92,114079.35,94041.97,105683.29,6.18
2017-07-24,6.09,6.15,6.04,111646.47,0.07,1.16,6.006,5.949,5.89,100712.28,91519.41,102933.11,6.13
2017-07-21,6.06,6.1,6.02,83255.45,0.0,0.0,5.924,5.938,5.863,100567.59,93122.5,100041.8,6.06
2017-07-20,5.97,6.16,5.96,167926.8,0.1,1.68,5.904,5.932,5.835,95089.39,100877.29,97892.28,6.06
2017-07-19,5.82,5.98,5.79,96396.75,0.14,2.4,5.886,5.926,5.807,77492.83,94208.45,92607.76,5.96
2017-07-18,5.73,5.84,5.68,44335.95,0.1,1.75,5.874,5.931,5.79,74004.59,96903.77,89710.89,5.82
2017-07-17,5.95,5.97,5.69,110923.0,-0.24,-4.03,5.892,5.955,5.78,82326.54,111920.97,90362.64,5.72
2017-07-14,5.98,6.04,5.93,55864.44,-0.01,-0.17,5.952,5.981,5.774,85677.42,126809.87,88513.43,5.96
2017-07-13,5.92,6.0,5.86,79944.01,0.07,1.19,5.96,5.943,5.758,106665.2,124044.56,91574.92,5.97
2017-07-12,5.88,5.94,5.81,78955.57,-0.01,-0.17,5.966,5.9,5.736,110924.06,119723.99,92862.29,5.9
2017-07-11,6.02,6.04,5.9,85945.7,-0.11,-1.83,5.988,5.863,5.712,119802.94,117324.61,90582.68,5.91
2017-07-10,6.05,6.11,5.97,127677.36,0.02,0.33,6.018,5.831,5.688,141515.39,114346.8,88741.16,6.02
2017-07-07,6.0,6.04,5.94,160803.34,0.0,0.0,6.01,5.788,5.656,167942.32,106961.1,85085.24,6.0
2017-07-06,6.01,6.01,5.91,101238.33,-0.01,-0.17,5.926,5.738,5.63,141423.92,94907.26,79295.43,6.0
2017-07-05,6.07,6.07,5.9,123349.95,-0.05,-0.82,5.834,5.688,5.603,128523.92,91007.07,76849.53,6.01
2017-07-04,5.94,6.12,5.89,194507.95,0.08,1.34,5.738,5.649,5.576,114846.28,82518.01,74463.49,6.06
2017-07-03,5.82,6.05,5.82,259812.02,0.4,7.17,5.644,5.604,5.542,87178.21,68804.32,67019.43,5.98
2017-06-30,5.51,5.58,5.51,28211.34,0.04,0.72,5.566,5.566,5.51,45979.88,50217.0,55981.94,5.58
2017-06-29,5.54,5.58,5.5,36738.33,0.01,0.18,5.55,5.573,5.496,48390.6,59105.28,58518.74,5.54
2017-06-28,5.59,5.63,5.48,54961.77,-0.06,-1.07,5.542,5.572,5.482,53490.22,66000.59,59843.1,5.53
2017-06-27,5.59,5.69,5.55,56167.59,0.0,0.0,5.56,5.561,5.48,50189.74,63840.75,59775.8,5.59
2017-06-26,5.5,5.59,5.46,53820.36,0.09,1.64,5.564,5.544,5.476,50430.43,63135.51,59007.17,5.59
2017-06-23,5.49,5.54,5.44,40264.97,0.0,0.0,5.566,5.524,5.471,54454.12,63209.38,59764.81,5.5
2017-06-22,5.62,5.62,5.49,62236.4,-0.12,-2.13,5.596,5.522,5.468,69819.96,63683.59,62533.16,5.5
2017-06-21,5.61,5.65,5.59,38459.37,0.01,0.18,5.602,5.517,5.459,78510.95,62692.0,65108.4,5.62
2017-06-20,5.6,5.66,5.56,57371.03,0.01,0.18,5.562,5.503,5.463,77491.75,66408.98,66651.61,5.61
2017-06-19,5.65,5.65,5.54,73938.83,-0.05,-0.89,5.524,5.48,5.473,75840.6,65234.54,66528.75,5.6
2017-06-16,5.49,5.66,5.48,117094.15,0.12,2.17,5.482,5.454,5.481,71964.63,61746.89,65409.42,5.65
2017-06-15,5.36,5.55,5.33,105691.39,0.19,3.56,5.448,5.419,5.489,57547.23,57932.19,65274.25,5.53
2017-06-14,5.39,5.42,5.36,33363.37,0.0,0.0,5.432,5.391,5.501,46873.04,53685.61,64074.55,5.42
2017-06-13,5.38,5.43,5.35,49115.25,0.03,0.56,5.444,5.399,5.512,55326.2,55710.86,67094.38,5.42
2017-06-12,5.47,5.47,5.38,54559.0,-0.09,-1.64,5.436,5.407,5.523,54628.47,54878.82,72339.39,5.39
2017-06-09,5.46,5.51,5.39,45007.15,0.03,0.55,5.426,5.417,5.542,51529.14,56320.25,78167.49,5.48
2017-06-08,5.48,5.53,5.39,52320.42,-0.03,-0.55,5.39,5.413,5.569,58317.15,61382.73,82960.61,5.45
2017-06-07,5.39,5.5,5.36,75629.17,0.1,1.86,5.35,5.401,5.614,60498.19,67524.81,84766.22,5.48
2017-06-06,5.34,5.41,5.31,45626.63,0.04,0.75,5.354,5.423,5.657,56095.52,66894.24,86483.51,5.38
2017-06-05,5.28,5.37,5.25,39062.33,0.04,0.76,5.378,5.465,5.71,55129.17,67822.96,88057.3,5.34
2017-06-02,5.25,5.33,5.15,78947.22,0.05,0.95,5.408,5.507,5.771,61111.36,69071.96,90901.1,5.3
2017-06-01,5.5,5.5,5.24,63225.6,-0.25,-4.54,5.436,5.558,5.835,64448.3,72616.31,93243.87,5.25
2017-05-31,5.54,5.6,5.48,53615.83,0.0,0.0,5.452,5.61,5.901,74551.43,74463.49,96842.7,5.5
2017-05-26,5.48,5.51,5.43,40794.86,0.01,0.18,5.492,5.625,5.945,77692.97,78477.91,97946.71,5.5
2017-05-25,5.43,5.51,5.35,68973.29,0.05,0.92,5.552,5.639,5.99,80516.75,89799.95,100117.52,5.49
2017-05-24,5.33,5.49,5.25,95631.93,0.11,2.06,5.606,5.667,6.034,77032.56,100014.73,101011.25,5.44
2017-05-23,5.7,5.7,5.32,113741.24,-0.37,-6.49,5.68,5.725,6.081,80784.32,104538.5,100892.72,5.33
2017-05-22,5.76,5.84,5.67,69323.51,-0.1,-1.72,5.768,5.827,6.136,74375.55,102007.63,102372.08,5.7
2017-05-19,5.75,5.82,5.75,54913.79,0.04,0.69,5.758,5.891,6.18,79262.84,106072.79,108624.63,5.8
2017-05-18,5.73,5.85,5.72,51552.34,-0.05,-0.86,5.726,5.955,6.217,99083.15,108291.64,111970.89,5.76
2017-05-17,5.77,5.97,5.74,114390.7,0.04,0.69,5.728,6.034,6.251,122996.9,112730.23,114608.29,5.81
2017-05-16,5.68,5.78,5.61,81697.4,0.12,2.12,5.77,6.112,6.281,128292.68,113871.43,114478.73,5.77
2017-05-15,5.67,5.74,5.64,93759.99,0.01,0.18,5.886,6.191,6.315,129639.7,119221.91,114204.25,5.65
2017-05-12,5.8,5.82,5.56,154015.34,-0.13,-2.25,6.024,6.265,6.357,132882.73,117415.51,115685.46,5.64
2017-05-11,6.03,6.04,5.7,171121.08,-0.25,-4.15,6.184,6.341,6.402,117500.13,110435.09,112502.93,5.77
2017-05-10,6.35,6.36,6.0,140869.59,-0.33,-5.2,6.34,6.4,6.441,102463.56,102007.76,109940.3,6.02
2017-05-09,6.33,6.37,6.27,88432.52,0.01,0.16,6.454,6.436,6.464,99450.18,97246.94,107841.05,6.35
2017-05-08,6.41,6.47,6.33,109975.1,-0.1,-1.55,6.496,6.445,6.473,108804.12,102736.54,109068.79,6.34
2017-05-05,6.53,6.58,6.42,77102.37,-0.11,-1.68,6.506,6.468,6.481,101948.3,111176.47,111235.13,6.44
2017-05-04,6.6,6.6,6.5,95938.2,-0.04,-0.61,6.498,6.479,6.488,103370.05,115650.14,121449.47,6.55
2017-05-03,6.56,6.62,6.51,125802.69,0.03,0.46,6.46,6.468,6.481,101551.97,116486.36,125551.59,6.59
2017-05-02,6.37,6.57,6.36,135202.22,0.17,2.66,6.418,6.45,6.465,95043.71,115086.02,123189.1,6.56
2017-04-28,6.4,6.42,6.33,75696.02,-0.01,-0.16,6.394,6.439,6.447,96668.96,109186.59,123366.24,6.39
2017-04-27,6.34,6.42,6.26,84211.13,0.04,0.63,6.43,6.448,6.444,120404.65,113955.4,124390.15,6.4
2017-04-26,6.38,6.42,6.3,86847.78,-0.02,-0.31,6.46,6.463,6.444,127930.24,114570.76,124747.7,6.36
2017-04-25,6.43,6.51,6.37,93261.4,-0.06,-0.93,6.476,6.481,6.449,131420.74,117872.84,125078.04,6.38
2017-04-24,6.6,6.6,6.39,143328.47,-0.13,-1.98,6.482,6.491,6.453,135128.33,118435.15,127878.07,6.44
2017-04-21,6.54,6.7,6.53,194374.45,0.02,0.3,6.484,6.5,6.459,121704.22,115401.05,132665.69,6.57
2017-04-20,6.44,6.55,6.4,121839.08,0.11,1.71,6.466,6.494,6.449,107506.16,111293.8,128786.41,6.55
2017-04-19,6.37,6.46,6.31,104300.32,0.03,0.47,6.466,6.497,6.446,101211.29,127248.8,128473.89,6.44
2017-04-18,6.48,6.55,6.4,111799.35,-0.04,-0.62,6.486,6.494,6.445,104324.93,134616.83,129231.78,6.41
2017-04-17,6.48,6.48,6.32,76207.91,-0.03,-0.46,6.5,6.48,6.45,101741.97,131292.17,135163.17,6.45
2017-04-14,6.56,6.58,6.38,123384.13,-0.07,-1.07,6.516,6.454,6.453,109097.88,137545.9,141459.13,6.48
2017-04-13,6.5,6.62,6.5,90364.72,0.01,0.15,6.522,6.44,6.45,115081.43,134824.89,143978.43,6.55
2017-04-12,6.48,6.6,6.41,119868.53,0.06,0.93,6.528,6.424,6.443,153286.32,134924.65,149293.11,6.54
2017-04-11,6.53,6.55,6.4,98884.57,-0.05,-0.77,6.502,6.417,6.443,164908.73,132283.24,165007.77,6.48
2017-04-10,6.5,6.6,6.46,112987.44,0.02,0.31,6.46,6.415,6.433,160842.36,137320.98,174324.32,6.53
2017-04-07,6.57,6.6,6.48,153301.91,-0.07,-1.06,6.392,6.418,6.416,165993.92,149930.34,174386.61,6.51
2017-04-06,6.39,6.67,6.37,281389.16,0.17,2.65,6.358,6.404,6.4,154568.35,146279.03,173299.72,6.58
2017-04-05,6.25,6.45,6.25,177980.55,0.14,2.23,6.32,6.394,6.377,116562.97,129698.98,163450.23,6.41
2017-03-31,6.18,6.32,6.18,78552.76,0.08,1.29,6.332,6.396,6.363,99657.76,123846.74,160710.55,6.27
2017-03-30,6.34,6.35,6.17,138745.2,-0.15,-2.37,6.37,6.42,6.356,113799.6,139034.17,159567.92,6.19
2017-03-29,6.4,6.41,6.32,96174.07,-0.05,-0.78,6.444,6.452,6.353,133866.76,145372.35,158075.95,6.34
2017-03-28,6.48,6.49,6.37,91362.26,-0.08,-1.24,6.45,6.46,6.345,137989.71,153131.97,157578.88,6.39
2017-03-27,6.43,6.51,6.43,93454.5,0.01,0.15,6.468,6.462,6.336,142835.0,163661.57,155941.84,6.47
2017-03-24,6.56,6.63,6.4,149261.98,-0.1,-1.52,6.46,6.469,6.321,148035.72,197732.31,156358.56,6.46
2017-03-23,6.35,6.66,6.33,239081.0,0.19,2.98,6.47,6.451,6.31,164268.73,211327.67,154263.84,6.56
2017-03-22,6.44,6.45,6.3,116788.81,-0.11,-1.7,6.46,6.413,6.291,156877.95,198842.88,145928.77,6.37
2017-03-21,6.49,6.53,6.4,115588.69,0.05,0.78,6.47,6.396,6.284,168274.22,200320.4,147132.59,6.48
2017-03-20,6.47,6.57,6.38,119458.12,-0.08,-1.23,6.456,6.36,6.265,184488.15,197201.48,146113.34,6.43
2017-03-17,6.48,6.75,6.45,230427.05,0.0,0.0,6.478,6.329,6.248,247428.89,197574.37,143738.08,6.51
2017-03-16,6.39,6.64,6.37,202127.06,0.09,1.4,6.432,6.292,6.225,258386.6,180101.67,137415.47,6.51
2017-03-15,6.37,6.44,6.3,173770.19,0.01,0.16,6.366,6.253,6.206,240807.81,170779.54,130355.27,6.42
2017-03-14,6.55,6.58,6.33,196658.33,-0.13,-1.99,6.322,6.229,6.192,232366.58,162025.8,125908.54,6.41
2017-03-13,6.6,6.79,6.42,434161.84,0.26,4.14,6.264,6.209,6.18,209914.81,148222.11,120125.61,6.54
2017-03-10,6.19,6.4,6.16,285215.56,0.1,1.62,6.18,6.172,6.165,147719.84,114984.81,103054.87,6.28
2017-03-09,6.2,6.22,6.12,114233.12,-0.02,-0.32,6.152,6.168,6.163,101816.74,97200.02,92962.79,6.18
2017-03-08,6.13,6.21,6.1,131564.05,0.08,1.31,6.14,6.169,6.164,100751.27,93014.66,91183.15,6.2
2017-03-07,6.12,6.14,6.1,84399.5,0.0,0.0,6.136,6.171,6.164,91685.01,93944.78,88449.84,6.12
2017-03-06,6.14,6.15,6.11,123186.98,-0.02,-0.33,6.154,6.17,6.166,86529.41,95025.2,88663.02,6.12
2017-03-03,6.11,6.14,6.08,55700.05,0.02,0.33,6.164,6.167,6.168,82249.79,89901.78,86745.02,6.14
2017-03-02,6.18,6.2,6.09,108905.77,-0.06,-0.97,6.184,6.158,6.17,92583.29,94729.28,88571.2,6.12
2017-03-01,6.2,6.22,6.17,86232.75,-0.03,-0.48,6.198,6.159,6.173,85278.06,89931.01,87300.29,6.18
2017-02-28,6.17,6.21,6.16,58621.51,0.04,0.65,6.206,6.154,6.173,96204.56,89791.29,87371.45,6.21
2017-02-27,6.25,6.3,6.15,101788.85,-0.07,-1.12,6.186,6.151,6.17,103520.99,92029.12,89425.02,6.17
2017-02-24,6.19,6.27,6.17,107367.58,0.05,0.81,6.17,6.158,6.17,97553.78,91124.93,88473.96,6.24
2017-02-23,6.23,6.24,6.16,72379.6,-0.03,-0.48,6.132,6.157,6.164,96875.26,88725.56,86899.49,6.19
2017-02-22,6.11,6.23,6.09,140865.25,0.11,1.8,6.12,6.159,6.162,94583.95,89351.64,88219.48,6.22
2017-02-21,6.11,6.12,6.07,95203.66,0.02,0.33,6.102,6.156,6.156,83378.02,82954.9,82954.9,6.11
2017-02-20,6.05,6.12,6.04,71952.82,0.04,0.66,6.116,6.161,6.161,80537.24,81593.93,81593.93,6.09
2017-02-17,6.11,6.13,6.04,103974.97,-0.08,-1.3,6.146,6.17,6.17,84696.09,82799.07,82799.07,6.05
2017-02-16,6.12,6.15,6.1,60923.07,0.0,0.0,6.182,6.187,6.187,80575.85,79773.94,79773.94,6.13
2017-02-15,6.18,6.19,6.1,84835.58,-0.05,-0.81,6.198,6.197,6.197,84119.32,82915.75,82915.75,6.13
2017-02-14,6.23,6.23,6.15,80999.78,-0.06,-0.96,6.21,6.21,6.21,82531.79,82531.79,82531.79,6.18
2017-02-13,6.23,6.25,6.2,92747.03,0.01,0.16,6.218,6.218,6.218,82914.79,82914.79,82914.79,6.24
2017-02-10,6.22,6.24,6.19,83373.8,0.02,0.32,6.21,6.21,6.21,79637.37,79637.37,79637.37,6.23
2017-02-09,6.2,6.22,6.16,78640.42,0.02,0.32,6.2,6.2,6.2,77769.16,77769.16,77769.16,6.21
2017-02-08,6.17,6.19,6.1,76897.9,0.03,0.49,6.19,6.19,6.19,76897.9,76897.9,76897.9,6.19
