,open,high,low,volume,price_change,p_change,ma5,ma10,ma20,v_ma5,v_ma10,v_ma20,close
0,16.65,16.74,16.63,147592.84,0.01,0.06,16.67,16.67,16.67,147592.84,147592.84,147592.84,16.67
1,16.63,16.69,16.54,112388.67,0,0,16.67,16.67,16.67,129990.76,129990.76,129990.76,16.67
2,16.68,16.77,16.59,113930.34,0.05,0.3,16.687,16.687,16.687,124637.28,124637.28,124637.28,16.72
3,16.76,16.84,16.7,139852.62,0.06,0.36,16.71,16.71,16.71,128441.12,128441.12,128441.12,16.78
4,16.88,16.9,16.78,199928.72,0.07,0.42,16.738,16.738,16.738,142738.64,142738.64,142738.64,16.85
5,16.87,16.88,16.74,129872.35,-0.1,-0.59,16.754,16.74,16.74,139194.54,140594.26,140594.26,16.75
6,16.82,16.93,16.75,256880.31,0.09,0.54,16.788,16.754,16.754,168092.87,157206.55,157206.55,16.84
7,16.88,16.91,16.76,163278.31,-0.06,-0.36,16.8,16.758,16.758,177962.46,157965.52,157965.52,16.78
8,16.78,16.82,16.59,138636.42,-0.14,-0.83,16.772,16.744,16.744,177719.22,155817.84,155817.84,16.64
9,16.62,16.98,16.62,299499.84,0.27,1.62,16.784,16.761,16.761,197633.45,170186.04,170186.04,16.91
10,16.88,17.08,16.81,175091.19,-0.03,-0.18,16.81,16.782,16.772,206677.21,172935.88,170631.96,16.88
11,16.88,16.9,16.73,170322.77,-0.13,-0.77,16.792,16.79,16.77,189365.71,178729.29,170606.2,16.75
12,16.78,16.83,16.64,150111.48,-0.06,-0.36,16.774,16.787,16.764,186732.34,182347.4,169029.68,16.69
13,16.67,16.75,16.66,115949.71,0.02,0.12,16.788,16.78,16.76,182195,179957.11,165238.26,16.71
14,16.69,16.72,16.53,137322.73,-0.12,-0.72,16.724,16.754,16.749,149759.58,173696.51,163377.22,16.59
15,16.58,16.67,16.53,120979.43,0,0,16.666,16.738,16.739,138937.22,172807.22,160727.36,16.59
16,16.58,16.62,16.52,162269.84,-0.03,-0.18,16.628,16.71,16.728,137326.64,163346.17,160818.09,16.56
17,16.62,16.62,16.39,189966.31,-0.15,-0.91,16.572,16.673,16.711,145297.6,166014.97,162437.44,16.41
18,16.42,16.43,16.32,124294.67,-0.06,-0.37,16.5,16.644,16.692,146966.6,164580.8,160429.92,16.35
19,16.37,16.53,16.35,157037.52,0.06,0.37,16.464,16.594,16.678,150909.55,150334.57,160260.3,16.41
20,16.38,16.45,16.37,93198.42,0.02,0.12,16.432,16.549,16.666,145353.35,142145.29,157540.58,16.43
21,16.4,16.44,16.35,101096.47,-0.04,-0.24,16.398,16.513,16.652,133118.68,135222.66,156975.97,16.39
22,16.37,16.4,16.22,173660.25,-0.17,-1.04,16.36,16.466,16.627,129857.47,137577.54,159962.47,16.22
23,16.23,16.28,16.17,163963.75,0.01,0.06,16.336,16.418,16.599,137791.28,142378.94,161168.02,16.23
24,16.23,16.34,16.16,179501.47,0.11,0.68,16.322,16.393,16.574,142284.07,146596.81,160146.66,16.34
25,16.34,16.35,16.24,169889.8,-0.08,-0.49,16.288,16.36,16.549,157622.35,151487.85,162147.53,16.26
26,16.24,16.28,16.17,189003.23,-0.02,-0.12,16.258,16.328,16.519,175203.7,154161.19,158753.68,16.24
27,16.27,16.35,16.25,190365.45,0.05,0.31,16.272,16.316,16.495,178544.74,154201.1,160108.04,16.29
28,16.3,16.32,16.14,215603.55,-0.09,-0.55,16.266,16.301,16.473,188872.7,163331.99,163956.39,16.2
29,16.24,16.25,16.13,150178.06,-0.06,-0.37,16.226,16.274,16.434,183008.02,162646.05,156490.31,16.14
30,16.15,16.16,15.98,311246.16,-0.14,-0.87,16.174,16.231,16.39,211279.29,184450.82,163298.05,16
31,15.98,15.98,15.7,438114.28,-0.22,-1.38,16.082,16.17,16.342,261101.5,218152.6,176687.63,15.78
32,15.8,15.92,15.79,222256.59,0.1,0.63,16,16.136,16.301,267479.73,223012.23,180294.88,15.88
33,15.85,16,15.83,199020.06,0.08,0.5,15.952,16.109,16.264,264163.03,226517.87,184448.4,15.96
34,15.97,16.13,15.9,189973.69,0.08,0.5,15.932,16.079,16.236,272122.16,227565.09,187080.95,16.04
35,16.11,16.13,15.97,132129.69,-0.03,-0.19,15.934,16.054,16.207,236298.86,223789.08,187638.46,16.01
36,16.01,16.11,15.8,234467.92,-0.14,-0.87,15.952,16.017,16.173,195569.59,228335.55,191248.37,15.87
37,15.88,15.9,15.72,236451.44,-0.06,-0.38,15.938,15.969,16.143,198408.56,232944.14,193572.62,15.81
38,15.78,16.05,15.77,241871.2,0.2,1.26,15.948,15.95,16.126,206978.79,235570.91,199451.45,16.01
39,16.05,16.2,15.89,310362.72,0.15,0.94,15.972,15.952,16.113,231056.59,251589.38,207117.71,16.16
40,16.09,16.18,16.03,223354.42,-0.06,-0.37,15.99,15.962,16.097,249301.54,242800.2,213625.51,16.1
41,16.06,16.16,16.02,201269.48,0,0,16.036,15.994,16.082,242661.85,219115.72,218634.16,16.1
42,16.12,16.12,15.94,161540.23,-0.13,-0.81,16.068,16.003,16.07,227679.61,213044.09,218028.16,15.97
43,15.97,15.99,15.81,186113.75,-0.08,-0.5,16.044,15.996,16.053,216528.12,211753.45,219135.66,15.89
44,15.88,15.96,15.75,222105.41,0,0,15.99,15.981,16.03,198876.66,214966.63,221265.86,15.89
45,15.88,15.89,15.73,234266.5,-0.14,-0.88,15.92,15.955,16.005,201059.07,225180.31,224484.69,15.75
46,15.76,15.78,15.42,401565.53,-0.24,-1.52,15.802,15.919,15.968,241118.28,241890.07,235112.81,15.51
47,15.53,15.6,15.3,367394.47,0.05,0.32,15.72,15.894,15.932,282289.13,254984.37,243964.26,15.56
48,15.5,15.52,15.3,228899.8,-0.26,-1.67,15.602,15.823,15.887,290846.34,253687.23,244629.07,15.3
49,15.25,15.27,15.11,244554.06,-0.19,-1.24,15.446,15.718,15.835,295336.07,247106.37,249347.87,15.11
50,15.12,15.14,14.9,410614.06,-0.2,-1.32,15.278,15.599,15.781,330605.58,265832.33,254316.27,14.91
51,14.92,15.07,14.85,226883.58,0.14,0.94,15.186,15.494,15.744,295669.19,268393.74,243754.73,15.05
52,15.05,15.11,14.91,176278.03,-0.05,-0.33,15.074,15.397,15.7,257445.91,269867.52,241455.8,15
53,15.02,15.1,14.99,129759.19,0.05,0.33,15.024,15.313,15.655,237617.78,264232.06,237992.76,15.05
54,15.06,15.11,15,149398.7,0,0,15.012,15.229,15.605,218586.71,256961.39,235964.01,15.05
55,15.05,15.25,15.03,228876.45,0.16,1.06,15.072,15.175,15.565,182239.19,256422.39,240801.35,15.21
56,15.15,15.22,15.08,157185.09,0,0,15.104,15.145,15.532,168299.49,231984.34,236937.21,15.21
57,15.21,15.22,15.13,126075.09,-0.05,-0.33,15.136,15.105,15.5,158258.9,207852.41,231418.39,15.16
58,15.16,15.16,15.05,142479.44,-0.08,-0.53,15.142,15.083,15.453,160802.95,199210.37,226448.8,15.08
59,15.07,15.07,14.9,194777.88,-0.1,-0.66,15.128,15.07,15.394,169878.79,194232.75,220669.56,14.98
60,14.95,14.98,14.52,401945.78,-0.06,-0.4,15.07,15.071,15.335,204492.66,193365.92,229599.13,14.92
61,14.78,14.9,14.51,435685.75,-0.06,-0.4,15,15.052,15.273,260192.79,214246.14,241319.94,14.86
62,14.69,14.84,14.66,192254.92,-0.1,-0.67,14.92,15.028,15.213,273428.75,215843.83,242855.67,14.76
63,14.76,14.85,14.55,283594.12,-0.15,-1.02,14.826,14.984,15.149,301651.69,231227.32,247729.69,14.61
64,14.57,14.79,14.55,273129.09,0.14,0.96,14.78,14.954,15.092,317321.93,243600.36,250280.88,14.75
65,14.75,15.23,14.73,457334.25,0.46,3.12,14.838,14.954,15.065,328399.63,266446.14,261434.26,15.21
66,15.27,15.43,15.16,299658.19,0.06,0.39,14.92,14.96,15.053,301194.11,280693.45,256338.9,15.27
67,15.23,15.29,15.08,248753.95,0,0,15.022,14.971,15.038,312493.92,292961.34,250406.87,15.27
68,15.24,15.26,15.07,334344.12,-0.06,-0.39,15.142,14.984,15.034,322643.92,312147.81,255679.09,15.21
69,15.1,15.14,14.95,306579.28,-0.2,-1.31,15.194,14.987,15.029,329333.96,323327.95,258780.35,15.01
70,15.04,15.08,14.91,286106.25,0.01,0.07,15.156,14.997,15.034,295088.36,311743.99,252554.96,15.02
71,15.02,15.06,14.93,302272.44,0.02,0.13,15.11,15.015,15.034,295611.21,298402.66,256324.4,15.04
72,15,15.57,14.98,754004.25,0.39,2.59,15.142,15.082,15.055,396661.27,354577.59,285210.71,15.43
73,15.38,15.52,15.21,704390.25,0.04,0.26,15.194,15.168,15.076,470670.49,396657.21,313942.26,15.47
74,11.75,12.93,11.72,2223734.25,1.18,10.04,14.778,14.986,14.97,854101.49,591717.72,417659.04,12.93
75,12.81,12.91,12.54,1764566.25,-0.09,-0.7,14.342,14.749,14.852,1149793.49,722440.92,494443.53,12.84
76,12.10698697,12.21027687,12.00162866,388529.8404,-0.002084691,-0.005,12.12277036,12.14414821,12.1859772,387797.7903,386890.8725,385690.8755,12.10482085
77,12.75,13.05,12.66,1130098.12,0,0,13.902,14.506,14.733,1315358.62,805484.92,543089.18,12.84
78,12.78,12.97,12.69,962170.56,0.08,0.62,13.4,14.271,14.621,1356991.89,876826.58,584893.96,12.92
79,12.93,13.01,12.74,801977,-0.03,-0.23,12.884,14.039,14.512,1376509.24,923589.87,617868.84,12.89
80,12.79,12.88,12.51,758764.75,-0.04,-0.31,12.868,13.823,14.405,1083515.34,968808.41,646068.18,12.85
81,12.8,12.84,12.66,361044.06,-0.05,-0.39,12.86,13.601,14.299,802810.9,976302.19,644023.09,12.8
82,12.81,12.99,12.78,643951.94,0.04,0.31,12.86,13.381,14.198,705581.66,1010470.14,654436.4,12.84
83,12.76,12.86,12.67,481948.44,0,0,12.844,13.122,14.102,609537.24,983264.56,668921.08,12.84
84,12.79,13.2,12.77,1144343.25,0.09,0.7,12.852,12.868,14.018,678010.49,1027259.86,711958.53,12.93
85,12.9,13.14,12.76,739311.94,-0.15,-1.16,12.838,12.853,13.92,674119.93,878817.63,735267.68,12.78
86,12.78,12.78,12.56,527160.69,-0.19,-1.49,12.796,12.828,13.789,707343.25,755077.08,738759,12.59
87,12.6,12.64,12.31,553069.81,-0.13,-1.03,12.72,12.79,13.648,689166.83,697374.24,751429.58,12.46
88,12.41,12.46,12.28,374928.59,-0.08,-0.64,12.628,12.736,13.504,667762.86,638650.05,757738.31,12.38
89,12.38,12.46,12.27,473510.62,-0.03,-0.24,12.512,12.682,13.361,533596.33,605803.41,764696.64,12.35
90,12.36,12.43,12.3,329412.78,0.05,0.41,12.436,12.637,13.23,451616.5,562868.21,765838.31,12.4
91,12.41,12.44,12.22,446451.97,-0.11,-0.89,12.376,12.586,13.094,435474.75,571409,773855.6,12.29
92,12.4,12.4,12.26,340000.62,0.05,0.41,12.352,12.536,12.959,392860.92,541013.87,775742.01,12.34
93,12.33,12.84,12.29,1102594.38,0.23,1.86,12.39,12.509,12.816,538394.07,603078.47,793171.51,12.57
94,12.55,12.65,12.36,685790.81,0.07,0.56,12.448,12.48,12.674,580850.11,557223.22,792241.54,12.64
95,12.64,12.82,12.55,605091.62,0,0,12.496,12.466,12.66,635985.88,543801.19,711309.41,12.64
96,12.64,12.73,12.53,466874.75,0.06,0.47,12.578,12.477,12.653,640070.44,537772.6,646424.84,12.7
97,12.66,12.91,12.6,753495.56,0.09,0.71,12.668,12.51,12.65,722769.42,557815.17,627594.71,12.79
98,12.81,12.86,12.7,389945.41,-0.03,-0.23,12.706,12.548,12.642,580239.63,559316.85,598983.45,12.76
99,12.7,12.73,12.59,365664.78,-0.11,-0.86,12.708,12.578,12.63,516214.42,548532.27,577167.84,12.65
100,12.64,12.65,12.47,387789.5,-0.09,-0.71,12.692,12.594,12.616,472754,554369.94,558619.08,12.56
101,12.55,12.58,12.41,366591.28,-0.01,-0.08,12.662,12.62,12.603,452697.31,546383.87,558896.44,12.55
102,12.5,12.65,12.47,264705.06,0.07,0.56,12.628,12.648,12.592,354939.21,538854.32,539934.09,12.62
103,12.62,12.72,12.51,374142.41,0.04,0.32,12.608,12.657,12.583,351778.61,466009.12,534543.79,12.66
104,12.62,12.69,12.55,246672.94,-0.06,-0.47,12.598,12.653,12.567,327980.24,422097.33,489660.28,12.6
105,12.59,12.64,12.52,264115.31,-0.07,-0.56,12.592,12.642,12.554,303245.4,387999.7,465900.44,12.53
106,12.51,12.94,12.51,968353.5,0.27,2.15,12.642,12.652,12.565,423597.84,438147.58,487960.09,12.8
107,12.8,13.06,12.74,804690.25,0.06,0.47,12.69,12.659,12.585,531594.88,443267.04,500541.11,12.86
108,12.82,13.29,12.77,1102192.38,0.41,3.19,12.812,12.71,12.629,677204.88,514491.74,536904.3,13.27
109,13.34,13.8,13.34,1468653.75,0.32,2.41,13.01,12.804,12.691,921601.04,624790.64,586661.45,13.59
110,13.62,14.02,13.28,1786612.25,0.17,1.25,13.256,12.924,12.759,1226100.43,764672.91,659521.43,13.76
111,13.65,13.72,13.4,698958.75,-0.21,-1.53,13.406,13.024,12.822,1172221.48,797909.66,672146.77,13.55
112,13.56,13.78,13.48,661087.06,0.14,1.03,13.572,13.131,12.89,1143500.84,837547.86,688201.09,13.69
113,13.67,13.7,13.53,400174.91,-0.07,-0.51,13.642,13.227,12.942,1003097.34,840151.11,653080.11,13.62
114,13.61,13.63,13.38,522723.75,-0.17,-1.25,13.614,13.312,12.983,813911.34,867756.19,644926.76,13.45
115,13.45,13.74,13.36,658209.56,0.22,1.64,13.596,13.426,13.034,588230.81,907165.62,647582.66,13.67
116,13.62,13.75,13.41,584781,-0.16,-1.17,13.588,13.497,13.075,565395.26,868808.37,653477.97,13.51
117,13.45,13.7,13.36,574953.88,-0.13,-0.96,13.526,13.549,13.104,548168.62,845834.73,644550.89,13.38
118,13.38,13.47,13.28,336120.97,0,0,13.478,13.56,13.135,535357.83,769227.59,641859.66,13.38
119,13.37,13.49,13.3,249549.61,0.09,0.67,13.482,13.548,13.176,480723,647317.17,636053.91,13.47
120,13.45,13.52,13.31,450830.81,-0.11,-0.82,13.42,13.508,13.216,439247.25,513739.03,639205.97,13.36
121,13.42,13.49,13.32,641980.62,0.07,0.52,13.404,13.496,13.26,450687.18,508041.22,652975.44,13.43
122,13.44,13.6,13.39,616441.5,0.01,0.07,13.416,13.471,13.301,458984.7,503576.66,670562.26,13.44
123,13.42,13.42,13.04,785818.69,-0.36,-2.68,13.356,13.417,13.322,548924.25,542141.04,691146.07,13.08
124,13.09,13.1,12.85,631819.69,-0.21,-1.61,13.236,13.359,13.336,625378.26,553050.63,710403.41,12.87
125,12.87,12.95,12.83,295284.28,0.06,0.47,13.15,13.285,13.356,594268.96,516758.11,711961.86,12.93
126,12.91,12.93,12.83,235702.98,-0.06,-0.46,13.038,13.221,13.359,513013.43,481850.3,675329.33,12.87
127,12.84,12.88,12.75,323038.22,-0.11,-0.85,12.902,13.159,13.354,454332.77,456658.74,651246.73,12.76
128,12.74,12.88,12.7,440560.44,0.03,0.23,12.844,13.1,13.33,385281.12,467102.68,618165.14,12.79
129,12.72,12.73,12.46,888900.56,-0.11,-0.86,12.806,13.021,13.285,436697.3,531037.78,589177.48,12.68
130,12.62,12.63,12.52,455620.28,-0.12,-0.95,12.732,12.941,13.225,468764.5,531516.73,522627.88,12.56
131,12.58,12.76,12.56,625919.06,0.03,0.24,12.676,12.857,13.177,546807.71,529910.57,518975.89,12.59
132,12.56,12.56,12.47,338865.31,-0.1,-0.79,12.622,12.762,13.117,549973.13,502152.95,502864.81,12.49
133,12.49,12.55,12.47,390911.56,0.04,0.32,12.57,12.707,13.062,540043.35,462662.24,502401.64,12.53
134,12.5,12.57,12.46,359766.31,-0.02,-0.16,12.536,12.671,13.015,434216.5,435456.9,494253.77,12.51
135,12.5,12.57,12.46,338102.38,0,0,12.526,12.629,12.957,410712.92,439738.71,478248.41,12.51
136,12.51,12.53,12.41,588300,-0.08,-0.64,12.494,12.585,12.903,403189.11,474998.41,478424.36,12.43
137,12.44,12.66,12.41,968715.88,0.14,1.13,12.51,12.566,12.863,529159.23,539566.18,498112.46,12.57
138,12.58,12.66,12.45,621531.75,-0.1,-0.8,12.498,12.534,12.817,575283.26,557663.31,512383,12.47
139,12.47,12.8,12.47,1455906.62,0.31,2.49,12.552,12.544,12.783,794511.33,614363.92,572700.85,12.78
140,12.83,12.96,12.75,1041131.69,0.11,0.86,12.628,12.577,12.759,935117.19,672915.06,602215.89,12.89
141,12.85,12.98,12.77,600639.56,0.07,0.54,12.734,12.614,12.736,937585.1,670387.11,600148.84,12.96
142,12.91,12.98,12.82,604799.88,-0.09,-0.69,12.794,12.652,12.707,864801.9,696980.56,599566.76,12.87
143,12.83,12.84,12.65,447903.12,-0.16,-1.24,12.842,12.67,12.689,830076.17,702679.72,582670.98,12.71
144,12.68,12.87,12.68,392641.31,0.06,0.47,12.84,12.696,12.684,617423.11,705967.22,570712.06,12.77
145,12.78,12.84,12.65,356674.47,0.01,0.08,12.818,12.723,12.676,480531.67,707824.43,573781.57,12.78
146,12.78,13.09,12.78,734930.25,0.25,1.96,12.832,12.783,12.684,507389.81,722487.45,598742.93,13.03
147,12.99,13.05,12.9,338235.75,-0.07,-0.54,12.85,12.822,12.694,454076.98,659439.44,599502.81,12.96
148,12.94,13.02,12.82,382247.81,-0.11,-0.85,12.878,12.86,12.697,440945.92,635511.05,596587.18,12.85
149,12.85,13.12,12.83,647780.88,0.18,1.4,12.93,12.885,12.715,491973.83,554698.47,584531.19,13.03
150,13.15,13.15,12.95,522347.34,-0.04,-0.31,12.972,12.895,12.736,525108.41,502820.04,587867.55,12.99
151,13,13.04,12.91,510123.22,0.05,0.39,12.974,12.903,12.759,480147,493768.4,582077.75,13.04
152,13.01,13.01,12.86,319728.97,-0.17,-1.3,12.956,12.903,12.778,476445.64,465261.31,581120.94,12.87
153,12.88,12.98,12.81,241608.31,-0.02,-0.15,12.956,12.917,12.794,448317.74,444631.83,573655.78,12.85
154,12.82,12.86,12.75,248743.12,-0.02,-0.16,12.916,12.923,12.81,368510.19,430242.01,568104.62,12.83
155,12.82,12.96,12.8,357475.28,0.08,0.62,12.9,12.936,12.83,335535.78,430322.09,569073.26,12.91
156,12.93,12.95,12.82,301701.25,-0.01,-0.08,12.872,12.923,12.853,293851.39,386999.19,554743.32,12.9
157,12.88,12.93,12.83,198671.48,-0.02,-0.15,12.874,12.915,12.869,269639.89,373042.77,516241.1,12.88
158,12.86,12.95,12.83,201402.69,-0.01,-0.08,12.878,12.917,12.889,261598.76,354958.25,495234.65,12.87
159,12.84,12.92,12.79,241926.88,0.02,0.15,12.89,12.903,12.894,260235.52,314372.85,434535.66,12.89
160,12.89,12.95,12.71,506876.28,0.05,0.39,12.896,12.898,12.897,290115.72,312825.75,407822.89,12.94
161,12.89,12.93,12.85,221633.11,-0.08,-0.62,12.888,12.88,12.892,274102.09,283976.74,388872.57,12.86
162,12.83,12.91,12.76,263747.53,-0.01,-0.08,12.882,12.878,12.891,287117.3,278378.59,371819.95,12.85
163,12.85,12.88,12.77,241249.34,-0.01,-0.08,12.876,12.877,12.897,295086.63,278342.7,361487.26,12.84
164,12.82,12.91,12.81,198222.62,0.03,0.23,12.872,12.881,12.902,286345.78,273290.65,351766.33,12.87
165,13.27,13.29,13,521490.81,0.17,1.32,12.892,12.894,12.915,289268.68,289692.2,360007.15,13.04
166,13.05,13.1,12.98,274939.88,0.06,0.46,12.94,12.914,12.919,299930.04,287016.06,337007.63,13.1
167,13.08,13.11,13.03,187063.08,-0.04,-0.3,12.982,12.932,12.924,284593.15,285855.22,329448.99,13.06
168,13.05,13.09,12.97,171252.84,-0.01,-0.08,13.024,12.95,12.934,270593.85,282840.24,318899.25,13.05
169,13.01,13.08,12.92,208575.78,-0.11,-0.84,13.038,12.955,12.929,272664.48,279505.13,296938.99,12.94
170,12.98,13.06,12.94,236111.64,0.1,0.77,13.038,12.965,12.932,215588.64,252428.66,282627.21,13.04
171,13.04,13.06,12.94,146923.2,-0.05,-0.38,13.016,12.978,12.929,189985.31,244957.67,264467.2,12.99
172,12.99,13.1,12.93,454587.38,0.08,0.62,13.018,13,12.939,243490.17,264041.66,271210.13,13.07
173,13.03,13.16,12.98,528811.69,0.06,0.46,13.034,13.029,12.953,315001.94,292797.89,285570.29,13.13
174,13.09,13.1,13.01,172284.09,-0.12,-0.91,13.048,13.043,12.962,307743.6,290204.04,281747.34,13.01
175,13.02,13.03,12.83,315638.34,-0.17,-1.31,13.008,13.023,12.959,323648.94,269618.79,279655.5,12.84
176,12.84,12.95,12.82,272360.41,0.02,0.16,12.982,12.999,12.957,348736.38,269360.85,278188.45,12.86
177,12.86,12.94,12.82,207438.3,0.04,0.31,12.948,12.983,12.958,299306.57,271398.37,278626.79,12.9
178,12.87,12.88,12.78,252751.66,-0.08,-0.62,12.886,12.96,12.955,244094.56,279548.25,281194.24,12.82
179,12.85,12.94,12.82,326738.19,0.03,0.23,12.854,12.951,12.953,274985.38,291364.49,285434.81,12.85
180,12.84,12.84,12.59,747136.19,-0.15,-1.17,12.826,12.917,12.941,361284.95,342466.95,297447.8,12.7
181,12.6,12.66,12.58,201207.23,-0.09,-0.71,12.776,12.879,12.929,347054.31,347895.35,296426.51,12.61
182,12.63,12.72,12.53,353687.12,-0.07,-0.56,12.704,12.826,12.913,376304.08,337805.32,300923.49,12.54
183,12.52,12.57,12.43,482670.38,-0.01,-0.08,12.646,12.766,12.898,422287.82,333191.19,312994.54,12.53
184,12.53,12.6,12.43,328481.69,0.05,0.4,12.592,12.723,12.883,422636.52,348810.95,319507.5,12.58
185,12.56,12.56,12.45,200168.27,-0.11,-0.87,12.546,12.686,12.855,313242.94,337263.94,303441.37,12.47
186,12.49,12.6,12.41,386773.38,0.07,0.56,12.532,12.654,12.827,350356.17,348705.24,309033.04,12.54
187,12.54,12.68,12.49,371341.47,0.04,0.32,12.54,12.622,12.803,353887.04,365095.56,318246.96,12.58
188,12.57,12.63,12.53,174633.73,-0.03,-0.24,12.544,12.595,12.778,292279.71,357283.77,318416.01,12.55
189,12.54,12.63,12.46,499253.59,0.08,0.64,12.554,12.573,12.762,326434.09,374535.31,332949.9,12.63
190,12.65,12.85,12.63,780093.38,0.18,1.43,12.622,12.584,12.751,442419.11,377831.02,360148.98,12.81
191,12.76,12.77,12.58,337549.28,-0.2,-1.56,12.634,12.583,12.731,432574.29,391465.23,369680.29,12.6
192,12.6,12.63,12.55,280765.31,0,0,12.638,12.589,12.708,414459.06,384173.05,360989.19,12.6
193,12.57,12.57,12.38,356807.62,-0.21,-1.67,12.606,12.575,12.671,450893.84,371586.77,352388.98,12.39
194,12.38,12.8,12.38,1093365.38,0.39,3.15,12.636,12.595,12.659,569716.19,448075.14,398443.05,12.78
195,12.7,12.86,12.61,614954.19,0.07,0.55,12.644,12.633,12.66,536688.36,489553.73,413408.84,12.85
196,12.81,13.17,12.75,1161794.12,0.08,0.62,12.71,12.672,12.663,701537.32,567055.81,457880.52,12.93
197,13,13.44,13,1145762.62,0.29,2.24,12.836,12.737,12.68,874536.79,644497.92,504796.74,13.23
198,13.24,13.32,12.91,819126,-0.16,-1.21,12.972,12.789,12.692,967000.46,708947.15,533115.46,13.07
199,13.11,13.18,12.93,596124.81,0.02,0.15,13.032,12.834,12.704,867552.35,718634.27,546584.79,13.08
200,13.09,13.12,12.81,792502.75,0.01,0.08,13.082,12.863,12.724,903062.06,719875.21,548853.12,13.1
201,13.03,13.07,12.92,340319.09,-0.15,-1.15,13.086,12.898,12.741,738767.05,720152.19,555808.71,12.95
202,12.95,13.04,12.81,418467.84,-0.02,-0.15,13.024,12.93,12.76,593308.1,733922.44,559047.75,12.92
203,12.91,12.95,12.8,399163.56,-0.03,-0.23,12.992,12.982,12.779,509315.61,738158.04,554872.4,12.91
204,12.93,12.95,12.81,385774.44,0.01,0.08,12.96,12.996,12.796,467245.54,667398.94,557737.04,12.92
205,12.87,12.94,12.84,364792.34,0.01,0.08,12.924,13.003,12.818,381703.45,642382.76,565968.25,12.92
206,12.92,13.27,12.91,1237968,0.25,1.94,12.968,13.027,12.85,561233.24,650000.15,608527.98,13.17
207,13.12,13.16,12.91,435649.31,-0.21,-1.59,12.976,13,12.869,564669.53,578988.81,611743.37,12.96
208,12.95,13.03,12.91,348022.28,0,0,12.986,12.989,12.889,554441.27,531878.44,620412.8,12.96
209,12.98,12.99,12.87,312962.22,-0.04,-0.31,12.986,12.973,12.904,539878.83,503562.18,611098.23,12.92
210,12.92,13.04,12.85,366499.03,0.04,0.31,12.996,12.96,12.912,540220.17,460961.81,590418.51,12.97
211,12.97,12.97,12.74,303700.97,-0.22,-1.7,12.912,12.94,12.919,353366.76,457300,588726.09,12.75
212,12.8,12.81,12.63,193453.38,0,0,12.87,12.923,12.927,304927.58,434798.55,584360.5,12.75
213,12.79,12.79,12.66,161416.78,-0.05,-0.39,12.816,12.901,12.942,267606.48,411023.88,574590.96,12.69
214,12.69,12.73,12.61,162101.08,-0.06,-0.47,12.758,12.872,12.934,237434.25,388656.54,528027.74,12.63
215,12.71,12.71,12.61,134456.48,0.03,0.24,12.694,12.845,12.924,191025.74,365622.95,504002.86,12.65
216,12.65,12.76,12.62,183996.03,0.1,0.79,12.694,12.803,12.915,167084.75,260225.76,455112.95,12.75
217,12.76,12.76,12.6,266398.44,-0.04,-0.31,12.686,12.778,12.889,181673.76,243300.67,411144.74,12.71
218,12.67,12.78,12.6,210523.88,-0.03,-0.24,12.688,12.752,12.871,191495.18,229550.83,380714.64,12.7
219,12.68,12.72,12.61,160769.38,-0.08,-0.63,12.686,12.722,12.848,191228.84,214331.55,358946.86,12.62
220,12.61,12.68,12.56,193066.62,-0.02,-0.16,12.676,12.685,12.823,202950.87,196988.3,328975.06,12.6
221,12.57,12.66,12.56,152257.22,0.05,0.4,12.654,12.674,12.807,196603.11,181843.93,319571.96,12.64
222,12.65,12.66,12.53,327318.81,-0.02,-0.16,12.636,12.661,12.792,208787.18,195230.47,315014.51,12.62
223,12.6,12.66,12.53,238708.23,-0.08,-0.63,12.604,12.646,12.774,214424.05,202959.62,306991.75,12.54
224,12.52,12.62,12.51,163518.27,0.05,0.4,12.598,12.642,12.757,214973.83,203101.34,295878.94,12.59
225,12.61,12.77,12.6,313230.53,0.14,1.11,12.624,12.65,12.748,239006.61,220978.74,293300.85,12.73
226,12.73,12.8,12.66,378391,-0.05,-0.39,12.63,12.642,12.723,284233.37,240418.24,250322,12.67
227,12.7,12.73,12.62,278838.03,0,0,12.638,12.637,12.708,274537.21,241662.2,242481.43,12.66
228,12.67,12.71,12.62,310267.44,0.03,0.24,12.668,12.636,12.694,288849.05,251636.55,240593.69,12.69
229,12.69,12.71,12.63,313898.88,-0.01,-0.08,12.686,12.642,12.682,318925.18,266949.5,240640.52,12.68
230,12.68,12.74,12.66,262154.31,0.03,0.24,12.682,12.653,12.669,308709.93,273858.27,235423.29,12.71
231,12.7,13.09,12.68,906799.88,0.32,2.52,12.752,12.691,12.683,414391.71,349312.54,265578.23,13.02
232,12.95,13.04,12.87,378164.12,-0.08,-0.61,12.808,12.723,12.692,434256.93,354397.07,274813.77,12.94
233,12.97,13,12.9,242034.19,-0.04,-0.31,12.85,12.759,12.703,420610.28,354729.67,278844.64,12.9
234,12.88,13.08,12.85,613206.81,0.11,0.85,12.918,12.802,12.722,480471.86,399698.52,301399.93,13.02
235,12.97,13.06,12.78,748926.5,-0.12,-0.92,12.956,12.819,12.735,577826.3,443268.12,332123.43,12.9
236,12.91,13.42,12.89,1271328.12,0.21,1.63,12.974,12.863,12.753,650731.95,532561.83,386490.03,13.11
237,13.14,13.25,13.05,1116080.75,0.14,1.07,13.034,12.921,12.779,798315.27,616286.1,428974.15,13.24
238,13.33,13.61,13.18,1716488.75,0.01,0.08,13.104,12.977,12.807,1093206.19,756908.23,504272.39,13.25
239,12.93,13.15,12.71,2725138,-0.46,-3.47,13.056,12.987,12.815,1515592.42,998032.14,632490.82,12.78
240,12.75,12.92,12.68,2178274.5,0.13,1.02,13.056,13.006,12.83,1801462.02,1189644.16,731751.22,12.9
241,12.97,14,12.89,3796536.25,0.7,5.43,13.154,13.064,12.878,2306503.65,1478617.8,913965.17,13.6
242,13.54,13.76,13.36,1769896.25,0.09,0.66,13.238,13.136,12.93,2437266.75,1617791.01,986094.04,13.66
243,13.65,13.72,13.36,2184196.75,-0.22,-1.61,13.274,13.189,12.974,2530808.35,1812007.27,1083368.47,13.43
244,13.48,13.53,13.32,1537831,0.05,0.37,13.41,13.233,13.018,2293346.95,1904469.69,1152084.1,13.46
245,13.45,13.49,13.09,1078040.12,-0.36,-2.67,13.45,13.253,13.036,2073300.07,1937381.05,1190324.58,13.1
246,13.05,13.19,12.98,1177032.62,0.06,0.46,13.364,13.259,13.061,1549399.35,1927951.5,1230256.66,13.17
247,13.14,13.33,12.94,1735733.25,0.14,1.06,13.294,13.266,13.094,1542566.75,1989916.75,1303101.42,13.31
248,13.19,13.19,13.01,717967.81,-0.16,-1.2,13.236,13.255,13.116,1249320.96,1890064.66,1323486.44,13.14
249,13,13.54,12.98,1501496.62,0.34,2.59,13.24,13.325,13.156,1242054.08,1767700.52,1382866.33,13.48
250,13.29,13.5,13.2,2443590,-0.01,-0.07,13.316,13.383,13.195,1515164.06,1794232.07,1491938.11,13.48
251,13.58,13.9,13.24,2007701.12,-0.03,-0.22,13.372,13.368,13.216,1681297.76,1615348.55,1546983.18,13.45
252,13.34,13.4,12.95,1094268.75,-0.35,-2.6,13.33,13.312,13.224,1553004.86,1547785.8,1582788.41,13.1
253,12.89,12.98,12.24,1492573.5,-0.32,-2.44,13.258,13.247,13.218,1707926,1478623.48,1645315.37,12.78
254,12.66,12.68,12.43,647992,-0.28,-2.19,13.062,13.151,13.192,1537225.07,1389639.58,1647054.63,12.5
255,12.55,12.68,12.5,549002.12,0.02,0.16,12.868,13.092,13.173,1158307.5,1336735.78,1637058.41,12.51
256,12.5,12.55,12.38,325978.12,-0.05,-0.4,12.67,13.021,13.14,821962.9,1251630.33,1589790.91,12.46
257,12.6,12.68,12.53,420122.84,0.16,1.28,12.574,12.952,13.109,687133.72,1120069.29,1554993.02,12.62
258,12.66,12.78,12.59,387365.16,0.09,0.71,12.562,12.91,13.083,466092.05,1087009.02,1488536.84,12.72
259,12.77,12.84,12.61,488060.56,0.01,0.08,12.608,12.835,13.08,434105.76,985665.42,1376682.97,12.73
260,12.75,12.76,12.61,485610.88,-0.05,-0.39,12.642,12.755,13.069,421427.51,789867.51,1292049.79,12.68
261,12.61,12.66,12.44,398889.38,-0.24,-1.89,12.64,12.655,13.012,436009.76,628986.33,1122167.44,12.45
262,12.4,12.5,12.38,344910.31,0,0,12.608,12.591,12.952,420967.26,554050.49,1050918.15,12.46
263,12.4,12.46,12.36,230241.31,-0.06,-0.48,12.546,12.554,12.901,389542.49,427817.27,953220.37,12.41
264,12.41,12.48,12.34,293434.62,0,0,12.482,12.545,12.848,350617.3,392361.53,891000.55,12.41
265,12.48,12.51,12.38,272226.69,0.07,0.56,12.444,12.543,12.818,307940.46,364683.99,850709.88,12.49
266,12.51,12.6,12.46,388175.75,0,0,12.452,12.546,12.784,305797.74,370903.75,811267.04,12.49
267,12.55,12.55,12.4,221641.31,-0.02,-0.16,12.454,12.531,12.742,281143.94,351055.6,735562.44,12.47
268,12.49,12.51,12.42,235582.88,0.01,0.08,12.468,12.507,12.709,282212.25,335877.37,711443.2,12.48
269,12.53,12.54,12.46,251618.2,0.03,0.24,12.488,12.485,12.66,273848.97,312233.13,648949.28,12.51
270,12.5,12.58,12.43,251450,-0.01,-0.08,12.488,12.466,12.611,269693.63,288817.05,539342.28,12.49
271,12.45,12.45,12.38,228046.03,-0.1,-0.8,12.468,12.46,12.558,237667.68,271732.71,450359.52,12.39
272,12.35,12.41,12.34,172877.73,-0.01,-0.08,12.45,12.452,12.522,227914.97,254529.45,404289.97,12.38
273,12.36,12.4,12.3,267814,-0.08,-0.65,12.416,12.442,12.498,234361.19,258286.72,343051.99,12.31
274,12.31,12.33,12.26,168960.48,0,0,12.374,12.431,12.488,217829.65,245839.31,319100.42,12.3
275,12.28,12.39,12.25,206722.83,-0.01,-0.08,12.336,12.412,12.478,208884.21,239288.92,301986.45,12.3
276,12.34,12.4,12.28,238784.66,-0.02,-0.16,12.318,12.393,12.47,211031.94,224349.81,297626.78,12.3
277,12.35,12.35,12.25,229484.84,-0.03,-0.24,12.294,12.372,12.452,222353.36,225134.17,288094.88,12.26
278,12,12.06,11.64,571063.94,-0.55,-4.49,12.172,12.294,12.401,283003.35,258682.27,297279.82,11.7
279,11.71,11.75,11.5,364250.53,-0.09,-0.77,12.036,12.205,12.345,322061.36,269945.5,291089.32,11.62
280,11.7,11.77,11.56,273328.09,0.01,0.09,11.9,12.118,12.292,335382.41,272133.31,280475.18,11.62
281,11.53,11.75,11.52,229112.81,-0.05,-0.43,11.754,12.036,12.248,333448.04,272239.99,271986.35,11.57
282,11.57,11.71,11.45,331088.06,0.05,0.43,11.626,11.96,12.206,353768.69,288061.02,271295.24,11.62
283,11.63,11.69,11.61,232719.66,0.03,0.26,11.616,11.894,12.168,286099.83,284551.59,271419.16,11.65
284,11.68,11.82,11.65,277196,0.07,0.6,11.636,11.836,12.134,268688.92,295375.14,270607.22,11.72
285,11.66,11.67,11.54,183035.14,-0.15,-1.28,11.624,11.762,12.087,250630.33,293006.37,266147.65,11.56
286,11.61,11.65,11.53,196375.09,-0.02,-0.17,11.618,11.686,12.04,244082.79,288765.42,256557.61,11.54
287,11.53,11.59,11.49,167224.81,-0.03,-0.26,11.594,11.61,11.991,211310.14,282539.41,253836.79,11.5
288,11.52,11.79,11.51,287482.97,0.26,2.26,11.616,11.616,11.955,222262.8,254181.32,256431.79,11.76
289,11.79,12.02,11.75,312985.19,0.15,1.27,11.656,11.646,11.926,229420.64,249054.78,259500.14,11.92
290,11.91,11.96,11.76,188242.89,-0.13,-1.09,11.7,11.662,11.89,230462.19,240546.26,256339.79,11.78
291,11.83,11.89,11.69,140948.53,-0.09,-0.76,11.73,11.674,11.855,219376.88,231729.83,251984.91,11.69
292,11.8,11.8,11.54,237200.95,-0.15,-1.28,11.738,11.666,11.813,233372.11,222341.12,255201.07,11.54
293,11.56,11.7,11.55,254699.83,0.01,0.09,11.698,11.657,11.776,226815.48,224539.14,254545.37,11.56
294,11.75,11.79,11.66,262952.75,0.17,1.47,11.658,11.657,11.747,216808.99,223114.82,259244.98,11.72
295,11.8,11.89,11.76,165532.7,0.05,0.43,11.658,11.679,11.721,212266.95,221364.57,257185.47,11.78
296,11.74,11.79,11.57,183774.06,-0.19,-1.61,11.642,11.686,11.686,220832.06,220104.47,254434.94,11.61
297,11.56,11.75,11.53,181816.09,-0.01,-0.09,11.654,11.696,11.653,209755.09,221563.6,252051.5,11.6
298,11.56,11.78,11.56,230328.61,0.18,1.55,11.698,11.698,11.657,204880.84,215848.16,235014.74,11.78
299,11.71,11.77,11.65,160826.34,-0.12,-1.02,11.686,11.672,11.659,184455.56,200632.28,224843.53,11.66
300,11.73,11.78,11.55,182057.94,-0.11,-0.94,11.64,11.649,11.656,187760.61,200013.78,220280.02,11.55
301,11.58,11.67,11.55,234507.83,0.04,0.35,11.64,11.641,11.658,197907.36,209369.71,220549.77,11.61
302,11.33,11.33,10.97,693256.81,-0.56,-4.82,11.53,11.592,11.629,300195.51,254975.3,238658.21,11.05
303,10.99,11.01,10.83,346655.72,-0.11,-1,11.358,11.528,11.593,323460.93,264170.89,244355.01,10.92
304,10.91,10.94,10.8,222530.89,-0.1,-0.92,11.19,11.438,11.548,335801.84,260128.7,241621.76,10.82
305,10.82,10.89,10.76,274253.78,0.02,0.18,11.05,11.345,11.512,354241.01,271000.81,246182.69,10.85
306,10.84,10.97,10.81,287964.53,0.11,1.01,10.918,11.279,11.483,364932.35,281419.85,250762.16,10.95
307,10.95,11,10.89,185106.2,-0.02,-0.18,10.894,11.212,11.454,263302.22,281748.87,251656.23,10.93
308,10.98,11,10.91,160305,0.03,0.27,10.902,11.13,11.414,226032.08,274746.5,245297.33,10.96
309,11,11.01,10.94,220151.34,0,0,10.928,11.059,11.366,225556.17,280679,240655.64,10.95
310,10.97,11.05,10.96,237633.09,0.04,0.36,10.956,11.003,11.326,218232.03,286236.52,243125.15,10.99
311,11.03,11.05,10.88,235484.59,0,0,10.966,10.942,11.292,207736.04,286334.2,247851.95,11
312,10.93,10.96,10.86,235803.45,-0.13,-1.18,10.952,10.923,11.258,217875.49,240588.86,247782.08,10.86
313,10.86,10.91,10.81,184746.91,-0.03,-0.28,10.928,10.915,11.222,222763.88,224397.98,244284.43,10.84
314,10.85,10.9,10.81,217171.05,0.06,0.55,10.916,10.922,11.18,222167.82,223861.99,241995.35,10.89
315,10.98,10.98,10.9,233937.23,0.04,0.37,10.906,10.931,11.138,221428.65,219830.34,245415.57,10.94
316,10.94,10.95,10.85,160145.02,-0.06,-0.55,10.882,10.924,11.102,206360.73,207048.39,244234.12,10.88
317,10.88,10.89,10.79,211944.69,-0.08,-0.73,10.87,10.911,11.062,201588.98,209732.24,245740.55,10.8
318,10.83,10.84,10.76,152295.8,0,0,10.862,10.895,11.013,195098.76,208931.32,241838.91,10.8
319,10.83,10.83,10.68,190162.27,-0.09,-0.83,10.824,10.87,10.965,189697,205932.41,243305.71,10.7
320,10.71,10.79,10.61,183703.44,0.03,0.28,10.784,10.845,10.924,179650.24,200539.45,243387.98,10.74
321,10.7,10.74,10.61,169339.8,-0.13,-1.21,10.734,10.808,10.875,181489.2,193924.97,240129.58,10.63
322,10.56,10.6,10.39,322307.88,-0.22,-2.07,10.658,10.764,10.844,203561.84,202575.41,221582.13,10.42
323,10.46,10.69,10.46,455326.69,0.16,1.53,10.618,10.74,10.828,264168.02,229633.39,227015.68,10.6
324,10.6,10.69,10.53,183655.27,0.13,1.23,10.614,10.719,10.821,262866.62,226281.81,225071.9,10.68
325,10.76,10.83,10.7,161803.25,0.06,0.56,10.614,10.699,10.815,258486.58,219068.41,219449.38,10.74
326,10.71,10.75,10.61,186926.09,-0.08,-0.74,10.622,10.678,10.801,262003.84,221746.52,214397.45,10.67
327,10.64,10.64,10.53,149836.03,-0.12,-1.13,10.646,10.652,10.782,227509.47,215535.65,212633.94,10.54
328,10.56,10.66,10.51,233556.33,0.06,0.57,10.648,10.633,10.764,183155.39,223661.71,216296.51,10.61
329,10.55,10.57,10.37,271819.97,-0.21,-1.98,10.594,10.604,10.737,200788.33,231827.48,218879.94,10.41
330,10.38,10.43,10.28,180042.94,-0.01,-0.1,10.528,10.571,10.708,204436.27,231461.43,216000.44,10.41
331,10.41,10.41,10.3,160856.67,-0.08,-0.77,10.462,10.542,10.675,199222.39,230613.11,212269.04,10.34
332,10.3,10.33,10.18,199615.77,-0.13,-1.26,10.398,10.522,10.643,209178.34,218343.9,210459.66,10.22
333,10.16,10.26,10.16,175575.28,0,0,10.318,10.483,10.612,197582.13,190368.76,210001.07,10.21
334,10.22,10.34,10.19,199149.91,0.07,0.69,10.294,10.444,10.582,183048.11,191918.22,209100.02,10.29
335,10.23,10.24,9.81,429884.72,-0.37,-3.59,10.198,10.363,10.531,233016.47,218726.37,218897.39,9.93
336,9.92,9.98,9.87,189157.41,-0.03,-0.3,10.108,10.285,10.482,238676.62,218949.5,220348.01,9.89
337,9.88,9.98,9.75,236369.61,-0.09,-0.91,10.024,10.211,10.432,246027.39,227602.86,221569.26,9.8
338,9.83,9.83,9.67,250400.02,-0.08,-0.81,9.932,10.125,10.379,260992.33,229287.23,226474.47,9.75
339,9.77,9.82,9.55,242443.8,-0.2,-2.05,9.786,10.04,10.322,269651.11,226349.61,229088.54,9.56
340,9.6,9.6,9.35,244240.95,-0.08,-0.84,9.696,9.947,10.259,232522.36,232769.41,232115.42,9.48
341,9.41,9.53,9.36,249137.7,-0.12,-1.27,9.59,9.849,10.196,244518.42,241597.52,236105.31,9.36
342,9.33,9.61,9.32,307413.38,0.12,1.28,9.528,9.776,10.149,258727.17,252377.28,235360.59,9.49
343,9.56,9.6,9.45,194935.45,0.07,0.74,9.492,9.712,10.098,247634.26,254313.3,222341.03,9.57
344,9.55,9.55,9.23,226690.89,-0.28,-2.93,9.436,9.611,10.028,244483.67,257067.39,224492.81,9.28
345,9.29,9.38,9.2,241235.52,0.06,0.65,9.41,9.553,9.958,243882.59,238202.47,228464.42,9.35
346,9.34,9.42,9.28,144647.77,-0.03,-0.32,9.402,9.496,9.891,222984.6,233751.51,226350.51,9.32
347,9.26,9.35,9.22,164954.38,-0.07,-0.75,9.352,9.44,9.826,194492.8,226609.99,227106.42,9.24
348,9.31,9.43,9.17,225944.44,0.11,1.19,9.312,9.402,9.764,200694.6,224164.43,226725.83,9.37
349,9.37,9.63,9.37,221725.66,0.23,2.46,9.376,9.406,9.723,199701.55,222092.61,224221.11,9.6
350,9.61,9.65,9.5,124028.37,-0.03,-0.31,9.42,9.415,9.681,176260.12,210071.36,221420.39,9.57
351,9.37,9.44,9.32,152039.33,-0.19,-1.99,9.432,9.417,9.633,177738.44,200361.52,220979.52,9.38
352,9.41,9.61,9.39,197048.38,0.19,2.03,9.498,9.425,9.601,184157.24,189325.02,220851.15,9.57
353,9.57,9.58,9.46,150263.39,0.02,0.21,9.522,9.417,9.565,169021.03,184857.81,219585.55,9.49
354,9.5,9.54,9.34,144141.19,-0.09,-0.95,9.482,9.429,9.52,153504.13,176602.84,216835.12,9.4
355,9.41,9.48,9.38,137134.95,0.03,0.32,9.456,9.438,9.496,156125.45,166192.79,202197.63,9.44
356,9.51,9.64,9.48,189227,0.08,0.85,9.484,9.458,9.477,163562.98,170650.71,202201.11,9.52
357,9.6,9.62,9.53,183604.81,0.06,0.63,9.484,9.491,9.466,160874.27,172515.75,199562.87,9.57
358,9.56,9.95,9.47,332756.5,0.31,3.24,9.56,9.541,9.472,197372.89,183196.96,203680.69,9.87
359,9.91,10.03,9.74,314844.34,0.09,0.91,9.672,9.577,9.492,231513.52,192508.83,207300.72,9.96
360,9.98,10.14,9.97,364245.59,0.06,0.6,9.788,9.622,9.519,276935.65,216530.55,213300.95,10.02
361,10.12,10.12,9.96,158899.7,0.01,0.1,9.89,9.687,9.552,270870.19,217216.59,208789.05,10.03
362,10.07,10.08,9.95,152063.3,-0.05,-0.5,9.97,9.727,9.576,264561.89,212718.08,201021.55,9.97
363,9.96,10.04,9.93,121200.67,0.04,0.4,9.996,9.778,9.598,222250.72,209811.81,197334.81,10
364,9.99,10.16,9.97,200963.64,0.15,1.5,10.032,9.852,9.641,199474.58,215494.05,196048.45,10.14
365,10.12,10.2,10,182030.08,0.04,0.4,10.062,9.925,9.682,163031.48,219983.56,193088.17,10.17
366,10.26,10.27,9.9,207418.84,-0.26,-2.56,10.038,9.964,9.711,172735.31,221802.75,196226.73,9.91
367,9.91,10.03,9.66,244838.7,-0.16,-1.61,9.994,9.982,9.737,191290.39,227926.14,200220.94,9.75
368,9.79,9.98,9.76,169979.39,0.04,0.41,9.96,9.978,9.76,201046.13,211648.43,197422.69,9.83
369,9.97,10.03,9.87,174444.92,0.08,0.81,9.914,9.973,9.775,195742.39,197608.48,195058.65,9.91
370,9.94,10.12,9.94,217846.61,0.2,2.02,9.902,9.982,9.802,202905.69,182968.59,199749.57,10.11
371,10.15,10.15,10.01,134619.92,-0.04,-0.4,9.934,9.986,9.837,188345.91,180540.61,198878.6,10.07
372,10,10.18,9.99,176898.53,0.09,0.9,10.012,10.003,9.865,174757.87,183024.13,197871.1,10.14
373,10.14,10.14,10.02,131726.33,-0.08,-0.79,10.058,10.009,9.894,167107.26,184076.7,196944.25,10.06
374,10,10.06,9.9,179276.69,-0.09,-0.89,10.072,9.993,9.923,168073.62,181908,198701.03,9.98
375,9.98,10.07,9.95,158685.84,0.08,0.8,10.062,9.982,9.954,156241.46,179573.58,199778.57,10.06
376,10.06,10.06,9.9,147870.33,-0.15,-1.49,10.03,9.982,9.973,158891.54,173618.73,197710.74,9.91
377,9.87,10.12,9.84,243236.52,0.16,1.62,10.014,10.013,9.998,172159.14,173458.51,200692.32,10.06
378,10.16,10.16,9.93,150904.55,-0.09,-0.9,9.996,10.027,10.003,175994.79,171551.02,191599.72,9.97
379,10.17,10.17,10.01,269753,0.17,1.7,10.03,10.051,10.012,194090.05,181081.83,189345.16,10.15
380,10.18,10.2,10.09,197865.34,-0.03,-0.3,10.042,10.052,10.017,201925.95,179083.71,181026.15,10.12
381,10.12,10.14,10,119935.41,-0.03,-0.3,10.078,10.054,10.02,196338.96,177615.25,179077.93,10.09
382,10.13,10.14,9.98,155378.12,-0.02,-0.2,10.08,10.047,10.025,178767.28,175463.21,179243.67,10.07
383,10.06,10.43,10.02,322688.38,0.23,2.28,10.146,10.071,10.04,213124.05,194559.42,189318.06,10.3
384,10.33,10.35,10.21,232666.45,0.03,0.29,10.182,10.106,10.05,205706.74,199898.39,190903.2,10.33
385,10.3,10.38,10.25,146096.84,-0.03,-0.29,10.218,10.13,10.056,195353.04,198639.49,189106.54,10.3
386,10.29,10.32,10.26,103620,0.02,0.19,10.264,10.171,10.077,192089.96,194214.46,183916.59,10.32
387,10.3,10.41,10.17,186218.91,-0.15,-1.45,10.284,10.182,10.098,198258.12,188512.7,180985.6,10.17
388,10.16,10.36,10.16,373117.25,0.16,1.57,10.29,10.218,10.123,208343.89,210733.97,191142.5,10.33
389,10.27,10.3,10.17,143095.39,-0.09,-0.87,10.272,10.227,10.139,190429.68,198068.21,189575.02,10.24
390,10.21,10.4,10.18,163530.59,0.13,1.27,10.286,10.252,10.152,193916.43,194634.73,186859.22,10.37
391,10.31,10.37,10.12,227292.31,-0.25,-2.41,10.246,10.255,10.155,218650.89,205370.42,191492.84,10.12
392,10.12,10.23,10.12,105469.16,0.02,0.2,10.24,10.262,10.155,202500.94,200379.53,187921.37,10.14
393,10.15,10.25,10.12,89957.16,0.05,0.49,10.212,10.251,10.161,145868.92,177106.41,185832.91,10.19
394,10.16,10.23,10.13,118228.13,-0.01,-0.1,10.2,10.236,10.171,140895.47,165662.57,182780.48,10.18
395,10.22,10.27,9.98,196890.42,-0.16,-1.57,10.13,10.208,10.169,147567.44,170741.93,184690.71,10.02
396,9.99,10.07,9.95,165061.03,0.02,0.2,10.114,10.18,10.176,135121.18,176886.04,185550.25,10.04
397,10.17,10.3,10.11,294171.97,0.25,2.49,10.144,10.192,10.187,172861.74,187681.34,188097.02,10.29
398,10.36,10.36,10.21,164507.8,-0.03,-0.29,10.158,10.185,10.202,187771.87,166820.4,188777.18,10.26
399,10.26,10.28,10.1,105353.43,-0.11,-1.07,10.152,10.176,10.202,185196.93,163046.2,180557.2,10.15
400,10.16,10.26,10.09,166847.89,0.11,1.08,10.2,10.165,10.209,179188.42,163377.93,179006.33,10.26
401,10.28,10.29,10.2,185506.44,-0.02,-0.2,10.24,10.177,10.216,183277.51,159199.34,182284.88,10.24
402,10.26,10.28,10.18,163070.52,-0.02,-0.2,10.226,10.185,10.224,157057.22,164959.48,182669.5,10.22
403,10.24,10.49,10.15,375714.31,0.27,2.64,10.272,10.215,10.233,199298.52,193535.19,185320.8,10.49
404,10.38,10.47,10.32,158791.98,-0.14,-1.33,10.312,10.232,10.234,209986.23,197591.58,181627.08,10.35
405,10.39,10.56,10.34,311758,0.06,0.58,10.342,10.271,10.24,238968.25,209078.34,189910.13,10.41
406,10.45,10.48,10.38,241827.14,0.07,0.67,10.39,10.315,10.248,250232.39,216754.95,196820.49,10.48
407,10.49,10.75,10.44,374306.03,0.14,1.34,10.47,10.348,10.27,292479.49,224768.35,206224.85,10.62
408,10.39,10.48,10.15,419572.75,-0.46,-4.33,10.404,10.338,10.262,301251.18,250274.85,208547.62,10.16
409,10.08,10.24,10.07,231590.27,-0.01,-0.1,10.364,10.338,10.257,315810.84,262898.53,212972.37,10.15
410,10.14,10.28,10.13,181247.02,0.02,0.2,10.316,10.329,10.247,289708.64,264338.45,213858.19,10.17
411,10,10.05,9.71,390567.84,-0.37,-3.64,10.18,10.285,10.231,319456.78,284844.59,222021.96,9.8
412,9.9,10.1,9.83,251451.27,0.23,2.35,10.062,10.266,10.226,294885.83,293682.66,229321.07,10.03
413,10.05,10.16,9.97,139578.44,0,0,10.036,10.22,10.218,238886.97,270069.07,231802.13,10.03
414,10.03,10.19,9.97,153083.44,0.02,0.2,10.016,10.19,10.211,223185.6,269498.22,233544.9,10.05
415,10.18,10.31,10.14,265208.94,0.24,2.39,10.04,10.178,10.225,239977.99,264843.31,236960.83,10.29
416,10.35,10.35,10.16,224039.88,-0.1,-0.97,10.118,10.149,10.232,206672.39,263064.59,239909.77,10.19
417,10.25,10.43,10.07,403313.88,0.19,1.86,10.188,10.125,10.237,237044.92,265965.37,245366.86,10.38
418,10.32,10.7,10.32,470034.09,0.24,2.31,10.306,10.171,10.255,303136.05,271011.51,260643.18,10.62
419,10.64,10.7,10.45,380890.34,-0.17,-1.6,10.386,10.201,10.27,348697.43,285941.51,274420.02,10.45
420,10.57,11.05,10.52,591655.5,0.29,2.77,10.476,10.258,10.294,413986.74,326982.36,295660.4,10.74
421,10.6,10.89,10.54,368665.94,0.1,0.93,10.606,10.362,10.324,442911.95,324792.17,304818.38,10.84
422,10.85,10.98,10.74,275193.09,0.08,0.74,10.714,10.451,10.359,417287.79,327166.35,310424.51,10.92
423,11.08,11.12,10.71,352659.59,-0.13,-1.19,10.748,10.527,10.374,393812.89,348474.47,309271.77,10.79
424,10.93,11.05,10.89,330860.5,0.16,1.48,10.848,10.617,10.404,383806.92,366252.18,317875.2,10.95
425,10.99,11.03,10.87,217371.14,0.03,0.27,10.896,10.686,10.432,308950.05,361468.4,313155.85,10.98
426,11.05,11.09,10.86,235053.22,-0.09,-0.82,10.906,10.756,10.453,282227.51,362569.73,312817.16,10.89
427,11.1,11.25,10.94,477889.19,0.29,2.66,10.958,10.836,10.481,322766.73,370027.26,317996.32,11.18
428,11.15,11.25,11.08,170127.59,-0.04,-0.36,11.028,10.888,10.53,286260.33,340036.61,305524.06,11.14
429,11.13,11.15,11,184224.77,-0.11,-0.99,11.044,10.946,10.574,256933.18,320370.05,303155.78,11.03
430,11.09,11.1,10.87,208438.64,-0.13,-1.18,11.028,10.962,10.61,255146.68,282048.37,304515.36,10.9
431,11.05,11.1,10.9,199916.83,0.16,1.47,11.062,10.984,10.673,248119.4,265173.46,294982.81,11.06
432,10.99,11.03,10.7,255700.5,-0.31,-2.8,10.976,10.967,10.709,203681.67,263224.2,295195.28,10.75
433,10.77,10.95,10.75,270158.28,0.05,0.47,10.908,10.968,10.748,223687.8,254974.07,301724.27,10.8
434,10.68,10.9,10.68,207087.3,0.02,0.18,10.866,10.955,10.786,228260.31,242596.75,304424.46,10.82
435,10.87,10.87,10.68,179981.83,-0.12,-1.11,10.826,10.927,10.807,222568.95,238857.82,300163.11,10.7
436,10.72,10.81,10.65,165800.59,0.07,0.65,10.768,10.915,10.836,215745.7,231932.55,297251.14,10.77
437,10.77,10.85,10.71,213944.17,-0.01,-0.09,10.77,10.873,10.855,207394.43,205538.05,287782.66,10.76
438,10.86,10.9,10.77,213847.94,0.12,1.11,10.786,10.847,10.868,196132.37,209910.09,274973.35,10.88
439,10.87,10.89,10.65,218837.8,-0.19,-1.75,10.76,10.813,10.88,198482.47,213371.39,266870.72,10.69
440,10.61,10.72,10.61,160274.58,-0.03,-0.28,10.752,10.789,10.876,194541.02,208554.98,245301.67,10.66
441,10.73,10.73,10.57,140083.05,-0.02,-0.19,10.726,10.747,10.866,189397.51,202571.6,233872.53,10.64
442,10.6,10.66,10.5,147150.09,-0.14,-1.32,10.674,10.722,10.845,176038.69,191716.56,227470.38,10.5
443,10.66,10.66,10.43,143773.95,0,0,10.598,10.692,10.83,162023.89,179078.13,217026.1,10.5
444,10.5,10.61,10.45,150846.66,-0.01,-0.1,10.558,10.659,10.807,148425.67,173454.07,208025.41,10.49
445,10.56,10.62,10.5,183396.2,0.09,0.86,10.542,10.647,10.787,153049.99,173795.5,206326.66,10.58
446,10.64,10.75,10.54,206856.84,0.05,0.47,10.54,10.633,10.774,166404.75,177901.13,204916.84,10.63
447,10.65,10.75,10.62,285726.5,0.08,0.75,10.582,10.628,10.751,194120.03,185079.36,195308.71,10.71
448,10.99,11.05,10.84,430490.69,0.31,2.89,10.686,10.642,10.745,251463.38,206743.64,208326.86,11.02
449,11,11.08,10.97,208112.94,0.06,0.54,10.804,10.681,10.747,262916.63,205671.15,209521.27,11.08
450,10.99,11.1,10.96,254912.17,-0.08,-0.72,10.888,10.715,10.752,277219.83,215134.91,211844.95,11
451,10.82,10.93,10.82,235979.97,-0.1,-0.91,10.942,10.741,10.744,283044.45,224724.6,213648.1,10.9
452,10.94,11.03,10.88,105805.5,-0.01,-0.09,10.978,10.78,10.751,247060.25,220590.14,206153.35,10.89
453,10.77,10.9,10.77,159275.62,-0.06,-0.55,10.94,10.813,10.753,192817.24,222140.31,200609.22,10.83
454,10.84,10.9,10.69,172342.22,-0.11,-1.02,10.868,10.836,10.748,185663.1,224289.87,198871.97,10.72
455,10.89,10.89,10.7,124487.91,0.01,0.09,10.814,10.851,10.749,159578.24,218399.04,196097.27,10.73
456,10.76,10.86,10.73,197923.41,0.07,0.65,10.794,10.868,10.751,151966.93,217505.69,197703.41,10.8
457,10.74,10.8,10.59,241638.31,-0.18,-1.67,10.74,10.859,10.744,179133.49,213096.87,199088.12,10.62
458,10.65,10.78,10.62,197462.28,0.16,1.51,10.73,10.835,10.739,186770.83,189794.03,198268.83,10.78
459,10.68,10.82,10.54,194516.77,-0.21,-1.95,10.7,10.784,10.733,191205.74,188434.42,197052.78,10.57
460,10.59,10.65,10.54,136036.33,-0.03,-0.28,10.662,10.738,10.727,193515.42,176546.83,195840.87,10.54
461,10.53,10.59,10.11,300699.12,-0.29,-2.75,10.552,10.673,10.707,214070.56,183018.75,203871.67,10.25
462,10.23,10.24,10,208858.62,-0.18,-1.76,10.442,10.591,10.686,207514.62,193324.06,206957.1,10.07
463,9.98,10.04,9.86,227798.81,-0.16,-1.59,10.268,10.499,10.656,213581.93,200176.38,211158.34,9.91
464,9.77,9.86,9.6,348103.97,-0.12,-1.21,10.112,10.406,10.621,244299.37,217752.55,221021.21,9.79
465,9.81,9.88,9.64,205692.02,-0.12,-1.23,9.938,10.3,10.576,258230.51,225872.96,222136,9.67
466,9.77,9.8,9.66,273475.62,-0.01,-0.1,9.82,10.186,10.527,252785.81,233428.19,225466.94,9.66
467,9.72,9.95,9.71,274040.28,0.14,1.45,9.766,10.104,10.482,265822.14,236668.38,224882.63,9.8
468,9.74,9.79,9.58,237628.22,-0.1,-1.02,9.724,9.996,10.416,267788.02,240684.98,215239.5,9.7
469,9.7,9.82,9.66,186542.62,0.11,1.13,9.728,9.92,10.352,235475.75,239887.56,214160.99,9.81
470,9.73,10,9.7,271728.44,0.15,1.53,9.786,9.862,10.3,248683.04,253456.77,215001.8,9.96
471,10.09,10.09,9.92,235973.77,0.02,0.2,9.85,9.835,10.254,241182.67,246984.24,215001.49,9.98
472,10.03,10.03,9.91,151049.33,-0.02,-0.2,9.882,9.824,10.208,216584.48,241203.31,217263.68,9.96
473,10.06,10.16,9.98,231637.2,0.03,0.3,9.94,9.832,10.166,215386.27,241587.15,220881.76,9.99
474,9.94,10.02,9.92,159235.66,-0.03,-0.3,9.97,9.849,10.128,209924.88,222700.32,220226.43,9.96
475,10.03,10.15,9.96,190690.69,0.09,0.9,9.988,9.887,10.094,193717.33,221200.18,223536.57,10.05
476,10.03,10.1,10.01,203528.41,0.01,0.1,10.004,9.927,10.057,187228.26,214205.46,223816.82,10.06
477,10.1,10.15,10.05,156321.25,0.05,0.5,10.034,9.958,10.031,188282.64,202433.56,219550.97,10.11
478,10.1,10.15,10.07,129883.4,0.02,0.2,10.062,10.001,9.999,167931.88,191659.08,216172.03,10.13
479,10.17,10.28,10.07,227660.48,0.04,0.4,10.104,10.037,9.979,181616.85,195770.86,217829.21,10.17
480,10.29,10.44,10.22,290871.41,0.26,2.56,10.18,10.084,9.973,201652.99,197685.16,225570.97,10.43
481,10.36,10.46,10.3,189477.89,-0.08,-0.77,10.238,10.121,9.978,198842.89,193035.57,220009.9,10.35
482,10.38,10.38,10.23,162505.56,-0.1,-0.97,10.266,10.15,9.987,200079.75,194181.2,217692.25,10.25
483,10.29,10.34,10.25,165203.27,0.02,0.2,10.294,10.178,10.005,207143.72,187537.8,214562.47,10.27
484,10.34,10.39,10.27,150066.98,0.11,1.07,10.336,10.22,10.035,191625.02,186620.93,204660.63,10.38
485,10.45,10.56,10.38,196965.88,0.12,1.16,10.35,10.265,10.076,172843.92,187248.45,204224.32,10.5
486,10.53,10.66,10.39,217690.73,-0.08,-0.76,10.364,10.301,10.114,178486.48,188664.69,201435.07,10.42
487,10.39,10.63,10.38,237680.05,0.16,1.54,10.43,10.348,10.153,193521.38,196800.57,199617.06,10.58
488,10.59,10.64,10.47,160542.56,-0.08,-0.76,10.476,10.385,10.193,192589.24,199866.48,195762.78,10.5
489,10.59,10.73,10.51,251310.34,0.23,2.19,10.546,10.441,10.239,212837.91,202231.47,199001.17,10.73
490,10.82,10.82,10.62,191193.44,0.04,0.37,10.6,10.475,10.28,211683.42,192263.67,194974.42,10.77
491,10.62,10.73,10.62,202165.69,-0.07,-0.65,10.656,10.51,10.316,208578.42,193532.45,193284.01,10.7
492,10.71,10.73,10.63,167696.02,0.02,0.19,10.684,10.557,10.354,194581.61,194051.5,194116.35,10.72
493,10.74,10.93,10.68,302486.94,0.14,1.31,10.756,10.616,10.397,222970.49,207779.86,197658.83,10.86
494,10.85,10.91,10.8,198152.86,-0.04,-0.37,10.774,10.66,10.44,212338.99,212588.45,199604.69,10.82
495,10.78,10.85,10.66,177587.89,-0.16,-1.48,10.752,10.676,10.471,209617.88,210650.65,198949.55,10.66
496,10.75,10.87,10.7,201022.19,0.18,1.69,10.78,10.718,10.51,209389.18,208983.8,198824.24,10.84
497,10.85,10.96,10.78,259527.45,-0.04,-0.37,10.796,10.74,10.544,227755.47,211168.54,203984.55,10.8
498,10.92,10.92,10.81,222863.11,0.03,0.28,10.79,10.773,10.579,211830.7,217400.59,208633.54,10.83
499,10.83,10.93,10.75,254023.91,-0.04,-0.37,10.784,10.779,10.61,223004.91,217671.95,209951.71,10.79
500,10.76,11.01,10.76,259074.38,0.22,2.04,10.854,10.803,10.639,239302.21,224460.04,208361.86,11.01
501,11.03,11.95,11.03,937122.62,0.91,8.27,11.07,10.925,10.718,386522.29,297955.74,245744.09,11.92
502,11.91,12.15,11.6,836432.62,-0.27,-2.27,11.24,11.018,10.788,501903.33,364829.4,279440.45,11.65
503,11.71,12.07,11.67,712016,0.18,1.54,11.44,11.115,10.866,599733.91,405782.3,306781.08,11.83
504,11.83,11.92,11.68,393934.12,-0.09,-0.76,11.63,11.207,10.934,627715.95,425360.43,318974.44,11.74
505,11.81,12.06,11.6,632546.19,0.28,2.38,11.832,11.343,11.01,702410.31,470856.26,340753.46,12.02
506,12.12,12.38,11.95,850247.75,0,0,11.852,11.461,11.09,685035.34,535778.82,372381.31,12.02
507,12.01,12.04,11.87,545642,-0.04,-0.33,11.918,11.579,11.16,626877.21,564390.27,387779.4,11.98
508,11.99,12.15,11.86,536931.62,0.04,0.33,11.956,11.698,11.236,591860.34,595797.12,406598.86,12.02
509,12.03,12.04,11.87,526188.25,-0.14,-1.17,11.984,11.807,11.293,618311.16,623013.56,420342.75,11.88
510,11.72,11.72,11.36,526705.31,-0.38,-3.2,11.88,11.856,11.33,597142.99,649776.65,437118.35,11.5
511,11.44,11.59,11.36,399220.19,-0.03,-0.26,11.77,11.811,11.368,506937.47,595986.41,446971.07,11.47
512,11.59,11.69,11.4,522118.06,-0.03,-0.26,11.662,11.79,11.404,502232.69,564554.95,464692.17,11.44
513,11.41,11.56,11.3,413730.12,0,0,11.546,11.751,11.433,477592.39,534726.36,470254.33,11.44
514,11.46,11.58,11.43,343379,0.02,0.17,11.462,11.723,11.465,441030.54,529670.85,477515.64,11.46
515,11.47,11.6,11.43,337693.19,-0.03,-0.26,11.448,11.664,11.504,403228.11,500185.55,485520.9,11.43
516,11.45,11.6,11.37,438795.62,0.16,1.4,11.472,11.621,11.541,411143.2,459040.34,497409.58,11.59
517,11.63,11.67,11.51,275002.31,-0.04,-0.34,11.494,11.578,11.579,361720.05,431976.37,498183.32,11.55
518,11.52,11.64,11.49,273254.25,0,0,11.516,11.531,11.615,333624.87,405608.63,500702.88,11.55
519,11.56,11.59,11.44,350370.34,-0.09,-0.78,11.516,11.489,11.648,335023.14,388026.84,505520.2,11.46
520,11.49,11.51,11.31,354364.47,-0.07,-0.61,11.508,11.478,11.667,338357.4,370792.76,510284.7,11.39
521,11.28,11.29,11.01,577165.75,-0.36,-3.16,11.396,11.434,11.623,366031.42,388587.31,492286.86,11.03
522,11.11,11.14,11.03,307957.22,0.06,0.54,11.304,11.399,11.595,372622.41,367171.23,465863.09,11.09
523,11.11,11.24,11.04,421244.88,-0.01,-0.09,11.21,11.363,11.557,402220.53,367922.7,451324.53,11.08
524,11.03,11.05,10.9,292961.19,-0.05,-0.45,11.124,11.32,11.522,390738.7,362880.92,446275.89,11.03
525,10.98,11.3,10.98,605262.69,0.25,2.27,11.102,11.305,11.485,440918.35,389637.87,444911.71,11.28
526,11.36,11.52,11.29,706374.06,0.16,1.42,11.184,11.29,11.456,466760.01,416395.72,437718.03,11.44
527,11.5,11.52,11.41,467147.09,0,0,11.254,11.279,11.429,498597.98,435610.19,433793.28,11.44
528,11.37,11.54,11.34,502710.28,0.06,0.52,11.338,11.274,11.403,514891.06,458555.8,432082.21,11.5
529,11.55,11.71,11.54,752325.25,0.21,1.83,11.474,11.299,11.394,606763.87,498751.29,443389.06,11.71
530,11.79,11.96,11.65,778703.75,0.01,0.09,11.562,11.332,11.405,641452.09,541185.22,455988.99,11.72
531,11.72,11.75,11.49,568959.94,-0.18,-1.54,11.582,11.383,11.409,613969.26,540364.64,464475.97,11.54
532,11.5,11.56,11.42,410275.38,-0.06,-0.52,11.59,11.422,11.411,602594.92,550596.45,458883.84,11.48
533,11.47,11.59,11.35,501727.94,-0.01,-0.09,11.584,11.461,11.412,602398.45,558644.76,463283.73,11.47
534,11.47,11.56,11.43,262736.91,0.02,0.17,11.54,11.507,11.414,504480.78,555622.33,459251.63,11.49
535,11.67,11.77,11.46,705091.69,-0.02,-0.17,11.49,11.526,11.416,489758.37,565605.23,477621.55,11.47
536,11.46,11.99,11.43,1006654,0.48,4.18,11.572,11.577,11.434,577297.18,595633.22,506014.47,11.95
537,11.96,12.09,11.88,681572.12,-0.04,-0.34,11.658,11.624,11.452,631556.53,617075.73,526342.96,11.91
538,11.91,12.05,11.84,430489.81,0,0,11.746,11.665,11.47,617308.91,609853.68,534204.74,11.91
539,12.01,12.2,11.86,560130.44,0.1,0.84,11.85,11.695,11.497,676787.61,590634.2,544692.74,12.01
540,12.02,12.07,11.68,533894.19,-0.3,-2.5,11.898,11.694,11.513,642548.11,566153.24,553669.23,11.71
541,11.68,11.8,11.63,338477.19,-0.01,-0.09,11.848,11.71,11.547,508912.75,543104.97,541734.8,11.7
542,11.76,11.77,11.51,382011.09,-0.08,-0.68,11.79,11.724,11.573,449000.54,540278.54,545437.49,11.62
543,11.56,11.69,11.48,408761.28,-0.08,-0.69,11.716,11.731,11.596,444654.84,530981.87,544813.31,11.54
544,11.43,11.56,11.28,424695.81,-0.22,-1.91,11.578,11.714,11.611,417567.91,547177.76,551400.05,11.32
545,11.35,11.54,11.34,385869.38,0.16,1.41,11.532,11.715,11.621,387962.95,515255.53,540430.38,11.48
546,11.7,12.09,11.7,1234747.38,0.49,4.27,11.586,11.717,11.647,567216.99,538064.87,566849.05,11.97
547,11.75,11.86,11.54,1245454.12,-0.17,-1.42,11.622,11.706,11.665,739905.59,594453.07,605764.4,11.8
548,11.82,11.94,11.6,854899.25,0,0,11.674,11.695,11.68,829133.19,636894.01,623373.85,11.8
549,11.64,11.78,11.49,585001,-0.29,-2.46,11.712,11.645,11.67,861194.23,639381.07,615007.63,11.51
550,11.48,11.56,11.1,641280.5,-0.39,-3.39,11.64,11.586,11.64,912276.45,650119.7,608136.47,11.12
551,11.23,11.42,11.06,485507.22,0.2,1.8,11.51,11.548,11.629,762428.42,664822.7,603963.84,11.32
552,11.2,11.4,11.15,402849.62,-0.01,-0.09,11.412,11.517,11.621,593907.52,666906.56,603592.55,11.31
553,11.18,11.44,11.17,418889.97,-0.1,-0.88,11.294,11.484,11.608,506705.66,667919.43,599450.65,11.21
554,11.28,11.42,11.23,344044.66,0.11,0.98,11.256,11.484,11.599,458514.39,659854.31,603516.04,11.32
555,11.28,11.36,11.22,341417.56,-0.02,-0.18,11.292,11.466,11.591,398541.81,655409.13,585332.33,11.3
556,11.32,11.35,11.2,383998.31,-0.06,-0.53,11.276,11.393,11.555,378240.02,570334.22,554199.55,11.24
557,11.28,11.44,11.25,349044.38,0.1,0.89,11.282,11.347,11.527,367478.98,480693.25,537573.16,11.34
558,11.33,11.45,11.31,329758.72,-0.02,-0.18,11.304,11.299,11.497,349652.73,428179.19,532536.6,11.32
559,11.32,11.34,11.12,400003.91,-0.16,-1.41,11.272,11.264,11.455,360844.58,409679.49,524530.28,11.16
560,11.12,11.15,10.95,363126.88,-0.06,-0.54,11.232,11.262,11.424,365186.44,381864.12,515991.91,11.1
561,11.17,11.22,11,241602.66,0.01,0.09,11.206,11.241,11.395,336707.31,357473.67,511148.19,11.11
562,11.09,11.26,10.96,350879.16,0.11,0.99,11.182,11.232,11.375,337074.27,352276.62,509591.59,11.22
563,11.19,11.3,11.02,722781.38,0.07,0.62,11.176,11.24,11.362,415678.8,382665.76,525292.59,11.29
564,11.17,11.29,11.07,408609.69,-0.17,-1.51,11.168,11.22,11.352,417399.95,389122.27,524488.29,11.12
565,11.18,11.18,11.03,266500.34,-0.01,-0.09,11.17,11.201,11.334,398074.65,381630.54,518519.84,11.11
566,11.11,11.23,11.05,369767.28,0.02,0.18,11.174,11.19,11.292,423707.57,380207.44,475270.83,11.13
567,11.17,11.29,11.13,304920.62,0.15,1.35,11.186,11.184,11.266,414515.86,375795.06,428244.16,11.28
568,11.29,11.37,11.26,250773.94,0.07,0.62,11.198,11.187,11.243,320114.37,367896.59,398037.89,11.35
569,11.43,11.52,11.35,314236.41,0.06,0.53,11.256,11.212,11.238,301239.72,359319.84,384499.66,11.41
570,11.51,11.51,11.38,264272.16,0.06,0.53,11.328,11.249,11.256,300794.08,349434.36,365649.24,11.47
571,11.57,11.7,11.53,431837.78,0.14,1.22,11.424,11.299,11.27,313208.18,368457.88,362965.77,11.61
572,11.35,11.45,11.27,522662.16,0.16,1.42,11.452,11.319,11.276,356756.49,385636.18,368956.4,11.42
573,11.42,11.7,11.4,506352.28,0.18,1.58,11.502,11.35,11.295,407872.16,363993.27,373329.51,11.6
574,11.57,11.79,11.5,469660.16,0.1,0.86,11.56,11.408,11.314,438956.91,370098.31,379610.29,11.7
575,11.74,11.87,11.71,473851.75,0.09,0.77,11.624,11.476,11.339,480872.83,390833.45,386232,11.79
576,11.78,11.92,11.75,352201.03,-0.02,-0.17,11.656,11.54,11.365,464945.48,389076.83,384642.13,11.77
577,11.82,11.9,11.72,289651.25,0.05,0.42,11.736,11.594,11.389,418343.29,387549.89,381672.48,11.82
578,12.04,12.07,11.81,449277.44,0.06,0.51,11.792,11.647,11.417,406928.33,407400.24,387648.41,11.88
579,11.95,12.32,11.85,716474.94,0.32,2.69,11.892,11.726,11.469,456291.28,447624.1,403471.97,12.2
580,12.18,12.3,12.03,553811.81,-0.11,-0.9,11.952,11.788,11.519,472283.29,476578.06,413006.21,12.09
581,12.09,12.13,11.96,341953.38,-0.06,-0.5,12.004,11.83,11.565,470233.76,467589.62,418023.75,12.03
582,11.98,11.98,11.51,803593.69,-0.37,-3.08,11.972,11.854,11.587,573022.25,495682.77,440659.47,11.66
583,11.56,11.73,11.55,369732,0,0,11.928,11.86,11.605,557113.16,482020.75,423007.01,11.66
584,11.68,11.84,11.55,479977.84,-0.02,-0.17,11.816,11.854,11.631,509813.74,483052.51,426575.41,11.64
585,11.67,11.68,11.54,295451.72,0.04,0.34,11.734,11.843,11.66,458141.73,465212.51,428022.98,11.68
586,11.86,11.92,11.69,548878.81,0.03,0.26,11.67,11.837,11.689,499526.81,484880.29,436978.56,11.71
587,11.72,11.74,11.57,511657.28,-0.1,-0.85,11.66,11.816,11.705,441139.53,507080.89,447315.39,11.61
588,11.62,11.63,11.51,365670.84,-0.05,-0.43,11.64,11.784,11.716,440327.3,498720.23,453060.24,11.56
589,11.61,11.67,11.57,303692,0.06,0.52,11.636,11.726,11.726,405070.13,457441.94,452533.02,11.62
590,11.63,11.64,11.53,257532.41,-0.05,-0.43,11.614,11.674,11.731,397486.27,427814,452196.03,11.57
591,11.56,11.57,11.31,347106.75,-0.21,-1.81,11.544,11.607,11.719,357131.86,428329.33,447959.48,11.36
592,11.4,11.43,11.33,218854.05,0.01,0.09,11.496,11.578,11.716,298571.21,369855.37,432769.07,11.37
593,11.43,11.43,11.31,234098.91,-0.02,-0.18,11.454,11.547,11.704,272256.82,356292.06,419156.4,11.35
594,11.43,11.46,11.34,232858.34,0.05,0.44,11.41,11.523,11.689,258090.09,331580.11,407316.31,11.4
595,11.39,11.62,11.39,348169.97,0.12,1.05,11.4,11.507,11.675,276217.6,336851.94,401032.22,11.52
596,11.4,11.54,11.22,403056.03,-0.02,-0.17,11.428,11.486,11.662,287407.46,322269.66,403574.97,11.5
597,11.5,11.57,11.44,216060.06,0.05,0.43,11.464,11.48,11.648,286848.66,292709.94,399895.41,11.55
598,11.49,11.57,11.46,174803.72,-0.07,-0.61,11.49,11.472,11.628,274989.62,273623.22,386171.73,11.48
599,11.53,11.53,11.45,182600.34,0.01,0.09,11.508,11.459,11.593,264938.02,261514.06,359478,11.49
600,11.51,11.63,11.49,196196.22,0.09,0.78,11.52,11.46,11.567,234543.27,255380.44,341597.22,11.58
601,11.54,11.63,11.47,256178.75,-0.1,-0.86,11.516,11.472,11.54,205167.82,246287.64,337308.49,11.48
602,11.43,11.56,11.43,179278.98,0.01,0.09,11.504,11.484,11.531,197811.6,242330.13,306092.75,11.49
603,11.54,11.68,11.53,241122.88,0.1,0.87,11.526,11.508,11.528,211075.43,243032.53,299662.3,11.59
604,11.57,11.96,11.57,559002.19,0.29,2.5,11.604,11.556,11.54,286355.8,275646.91,303613.51,11.88
605,11.83,11.94,11.81,303689.88,-0.01,-0.08,11.662,11.591,11.549,307854.54,271198.91,304025.42,11.87
606,11.9,11.94,11.8,214650.11,-0.01,-0.08,11.738,11.627,11.557,299548.81,252358.31,287313.99,11.86
607,11.84,12,11.84,337310.03,0,0,11.812,11.658,11.569,331155.02,264483.31,278596.62,11.86
608,11.81,11.94,11.73,306507.59,0.01,0.08,11.868,11.697,11.585,344231.96,277653.7,275638.46,11.87
609,11.76,11.85,11.63,324717.03,-0.22,-1.85,11.822,11.713,11.586,297374.93,291865.37,276689.71,11.65
610,11.48,11.56,11.41,389760.91,-0.17,-1.46,11.744,11.703,11.582,314589.13,311221.84,283301.14,11.48
611,11.42,11.46,11.23,427190.72,-0.24,-2.09,11.62,11.679,11.576,357097.26,328323.03,287305.34,11.24
612,11.1,11.23,10.97,452038.53,-0.15,-1.33,11.466,11.639,11.562,380042.96,355598.99,298964.56,11.09
613,11.14,11.16,11.05,314620.84,-0.02,-0.18,11.306,11.587,11.548,381665.61,362948.78,302990.66,11.07
614,11.15,11.31,11.11,332580.84,0.19,1.72,11.228,11.525,11.541,383238.37,340306.65,307976.78,11.26
